date,airline,text,label
2015-02-17 08:05,United,@united I like delays less than you because I'm the one on the plane. Connect me with a voucher,negative
2015-02-17 09:30,Southwest,@SouthwestAir you guys there? Are we on hour 2 of our phone hold at 3am bc of volume or short staffing?,negative
2015-02-17 11:14,US Airways,@USAirways how's us 1797 looking today?,neutral
2015-02-17 13:07,Delta,@JetBlue Thanks! Her flight leaves at 2 but she's arriving to the airport early. Wedding is in VT in Sept. Grateful you fly to BTV!! :),positive
2015-02-17 14:30,Southwest,@SouthwestAir this is really unhelpful. Why can't I rebook online? http://t.co/N5O43sVl8i,negative
2015-02-17 16:30,Southwest,@SouthwestAir Where should I fly by May 3rd? Plz advise.,neutral
2015-02-17 16:40,United,@united didn't get her name. She was not in our group. She was sitting behind us. Think it was window seat #40? We only overheard...,negative
2015-02-17 16:49,Delta,"@JetBlue I have a internal bleed in my foot, and I am flying next Tuesday, what should I. Do :( these. Leeds come randomly. I",neutral
2015-02-17 16:53,Southwest,"@SouthwestAir Flight Cancelled Flightled, reFlight Booking Problems online has not worked, on my second round of hold (3 hrs now). Any other options?",negative
2015-02-17 16:54,Delta,@JetBlue busy due to storm but customer service should always be on point. More so now than ever #getittogether,negative
2015-02-17 16:55,US Airways,@USAirways thank you for blowing my vacation. Couldn't get me anywhere today to make my reservation and also lost 2 bags of mine!,negative
2015-02-17 17:08,US Airways,"@USAirways That is not an excuse to have such a poor website Flight Booking Problems options! My yearly vacation is about to fall through, ubetter do smth!",negative
2015-02-17 17:17,Delta,@JetBlue @EllaHenderson Ah! Wish I was there! Good luck!,neutral
2015-02-17 17:18,Southwest,. @SouthwestAir condescension must be a quality your co rewards. Your tone reeks of it,negative
2015-02-17 17:23,Southwest,@SouthwestAir F5R3ZZ,neutral
2015-02-17 17:31,Southwest,"@SouthwestAir why are flights still getting out of Logan now? You couldn't manage to get one out at 6 AM, when it wasn't snowing!",negative
2015-02-17 17:38,Southwest,@SouthwestAir Karen with customer service was very helpful. Thank you for providing one bright spot in a frustrating situation.,positive
2015-02-17 17:39,Delta,"@JetBlue tough choices but I did all simultaneously! As a business traveler, best experience in a long time. #wishmyflightwaslonger #what",positive
2015-02-17 17:47,Virgin America,@VirginAmerica morning. If I have a question regarding elevate points &amp; flights can I DM you?,neutral
2015-02-17 17:58,Southwest,@SouthwestAir Trying to add my dog on the flight but can't get through.,negative
2015-02-17 18:12,Southwest,@SouthwestAir or you could send me a DM.,neutral
2015-02-17 18:34,Southwest,@SouthwestAir Happily! But you need to follow me in order for me to DM you,neutral
2015-02-17 18:35,United,@united stay warm - I will be passing through Chicago next week,positive
2015-02-17 18:36,US Airways,@USAirways please hogs my next flight for me! I'm waiting on a bus to get me off one plane so I can run to the other. It leaves in two min!,negative
2015-02-17 18:45,United,@united Q: Just purchased ticket to #Hawaii for trip in Late Flight-March. Does this mean we will acquire miles based on price or distance flown?,neutral
2015-02-17 18:46,Southwest,@SouthwestAir Hey SWAir- a very tortured boarding on flight 1971 due to one gate agent having to board assisted folks one at a time.,negative
2015-02-17 18:47,US Airways,"@usairways and @AmericanAir 4 days of Cancelled Flightations, I have driven to 3 airports in 3 different states, spent more on gas than my flight.",negative
2015-02-17 19:21,Southwest,@SouthwestAir do you do auto callbacks so I don't have to wait on hold?,negative
2015-02-17 19:26,Southwest,@SouthwestAir got it squared away. Thank you. I had a man on the inside help me out!,positive
2015-02-17 20:02,Southwest,@SouthwestAir flight #211pilot spilled his tea on the radio! Yay for delays! Almost an hour now!,negative
2015-02-17 20:06,US Airways,@USAirways right on. Up. Up &amp; away ✈️🌞,positive
2015-02-17 20:10,US Airways,@USAirways @AmericanAir we are on us/aa flight 4443.We arrived at dca at 2:12. Waiting on our gate (33)for apx an hr now. No update?,negative
2015-02-17 20:11,US Airways,@usairways Thx for responding :) When bags came there was mad rush towards end of jetway—why not just put thru baggage claim?,negative
2015-02-17 20:16,Delta,@JetBlue Connecticut❄️,neutral
2015-02-17 20:19,Delta,@JetBlue I applied for a job at PDW where could I go for follow up. I'd really love the job #ilovejetblue,neutral
2015-02-17 20:19,United,Is expiring the @united offer to buy or transfer #United #MileagePlus miles with discount? Many offers during a year http://t.co/6tz6imqZlG,positive
2015-02-17 20:50,US Airways,@USAirways thanks. 😒,positive
2015-02-17 21:00,US Airways,@USAirways Please staff your flights approproately. Our entire flight is delayed because FA isnt here. I shouldnt have left Delta...,negative
2015-02-17 21:11,United,@united can you send me another confirmation email?,neutral
2015-02-17 21:29,US Airways,@USAirways I'm traveling around the world until the end of the year. 800 numbers do me no good.,negative
2015-02-17 21:42,Delta,"@JetBlue I know where you guys jet! LOL, but if you love me so much, help a brother out :) Hot weather, great nightlife, 2-3 hour flight",neutral
2015-02-17 21:48,US Airways,@USAirways how are you even still in business? i have been trying to call for hours. this is pathetic.,negative
2015-02-17 21:48,United,"@united The guidelines say 10x9x17, my bag is 20x15.7x8.7, so it's a bit taller than the guidelines. Is that gonna be a problem?",neutral
2015-02-17 21:51,Delta,@JetBlue thanks!,positive
2015-02-17 21:59,US Airways,"@USAirways YOU ARE THE BEST AIRWAYS!!!!!!!!!! FOLLOW ME BACK, PLEASE 🙏🙏🙏🙏🙏🙏🙏🙏🙏🙏🙏😢😢😢😢😢😢😢😢🙏🙏🙏🙏🙏🙏🙏🙏🙏🙏🙏🙏🙏🙏🙏🙏🙏🙏🙏🙏🙏",positive
2015-02-17 22:00,Southwest,@SouthwestAir Awwweesssooomee!,positive
2015-02-17 22:04,United,@united I believe you have to follow me in order for me send you a DM,neutral
2015-02-17 22:07,Delta,@JetBlue we don't need anybody else!,positive
2015-02-17 22:08,US Airways,"@USAirways stranded @Ernie_Vigil Phoenix w/ broken foot. Both my flights f'd, Sunday for ""sickcrew"". Cancelled Flighted my mechanics flight today.",negative
2015-02-17 22:10,United,@united Allright! Last question : the power outlets on my flight are available in the premium cabin. Does that include economy plus cabin?,neutral
2015-02-17 22:17,Virgin America,@VirginAmerica Man of steel flies to more cities though...and with more frequency too.,negative
2015-02-17 22:49,United,@united Thanks!,positive
2015-02-17 22:49,Delta,@JetBlue @EllaHenderson the highlight of being delayed #freeconcert,negative
2015-02-17 23:07,United,@united @el_ingeniero don't check your baggage if you don't have to. They will lose it!,negative
2015-02-17 23:12,Southwest,@SouthwestAir I have been in contact and know there are changes but it's a destination you should really evaluate! Thanks,neutral
2015-02-17 23:24,Southwest,@SouthwestAir think flight 1945 from BNA to LAX will get off the ground tomorrow??? #please #snowbama,neutral
2015-02-17 23:24,United,@united does forelock guarantee the fare only or fare &amp; seats?,neutral
2015-02-17 23:28,United,@united can you not see the thread?,negative
2015-02-17 23:52,United,@united Why do I pay more for Coach Plus to be told preboarding that all overhead bins will be full for me,negative
2015-02-17 23:52,US Airways,@USAirways flying high thanks!,positive
2015-02-18 00:21,United,@united exactly it states a secure document is a nexus card. It does not state a passport must always be also presented. Read it,negative
2015-02-18 00:39,United,"@united amazing flying over 25,000 miles on #UnitedAirlines &amp; alliance last year; still got jilted out of status! #moneyelsewhere",positive
2015-02-18 00:44,US Airways,@USAirways i dont need to check status of my flight because i was ON the plane and you had a door malfunction. Get it together!!,negative
2015-02-18 00:48,Delta,"@JetBlue understand that, but this policy of targeting your passengers is not good for business and should be addressed with security",negative
2015-02-18 00:49,United,@united $55 cab ride to dfw from love got me my bag. Reimburse?,negative
2015-02-18 01:06,United,@united you guys suck. You delay flights but can't hold the connectors 10 minutes??? #WorstAirlineEver,negative
2015-02-18 01:08,Southwest,@SouthwestAir Im just praying you get me home alive,negative
2015-02-18 01:17,United,@United is it possible to upfare to P a segment where I have a GPU waitlisted?,neutral
2015-02-18 01:23,Delta,@JetBlue Thank you for your excellent customer service - resolved issue quickly.,positive
2015-02-18 01:24,Delta,"@JetBlue well, your new baggage fees, fare structures and reduced legroom has turned you into every other hated carrier in the US. Congrats",negative
2015-02-18 01:25,US Airways,"@USAirways where's my bag? You called at noon promising it today, would like an update like your website promises. I need that bag!",negative
2015-02-18 01:28,Southwest,"@SouthwestAir there... from my first interaction with your people this morning, after bad weather, sorry but I wont be flying with you again",negative
2015-02-18 01:33,Southwest,@SouthwestAir No. We were in a large group. Majority of the 30+ bags were soaked.,negative
2015-02-18 01:42,Southwest,@SouthwestAir took our carryon bag with essential attire for a life changing interview tomorrow &amp; it's not here; can we expect compensation?,negative
2015-02-18 01:51,Southwest,@SouthwestAir has the winner for #DestinationDragons been announced yet? If not when will they be??,neutral
2015-02-18 01:57,Southwest,"@SouthwestAir still haven't been able to get through, thanks for responding",neutral
2015-02-18 02:01,Southwest,@SouthwestAir not very helpful trying to get out of Nashville.Should waive change fee for 2/18.,negative
2015-02-18 02:10,Southwest,"@SouthwestAir @travelportland welcome to Portland. Sun, Mt hood and Southwest. http://t.co/y3SAHVX3Zk",neutral
2015-02-18 02:23,Delta,@JetBlue dispatcher keeps yelling and hung up on me!,negative
2015-02-18 02:24,United,@united obviously,neutral
2015-02-18 02:27,Delta,@JetBlue supervisor humiliated us and was uncompromising. We were completely blindsided!,negative
2015-02-18 02:27,Delta,@JetBlue I have the emails that they are on their way,neutral
2015-02-18 02:42,Southwest,"@SouthwestAir can u better define the ""plus one smaller type"" item on carry on requirements?.. small backpacks?",neutral
2015-02-18 02:57,Southwest,@SouthwestAir Got it covered. Thanks!,positive
2015-02-18 02:59,US Airways,@USAirways thanks! It's hectic for everyone but their actions don't represent the company well IMO,positive
2015-02-18 03:23,Southwest,"@SouthwestAir Tried to leave Monday, all other planes left but mine. Now this one keeps getting delayed. Missed work. Have to pay for a cab",negative
2015-02-18 03:42,Delta,@JetBlue Thanks for having us hang out at Tampa Airport forever today!!! It's really been an awesome experience,positive
2015-02-18 03:53,United,"@united yup, it just happens way too often...5 times in the last 12 months",negative
2015-02-18 04:03,US Airways,@USAirways Shout out to the red-headed gate agent for flt 3389 from DCA to CHS at 7:10 tonight. Didn't get her name but she was great!,positive
2015-02-18 04:05,Southwest,@southwestair Flight 4146 Phi to Den was staffed by a great crew. #freecomedyshow #newlifetimecustomer,positive
2015-02-18 04:23,Delta,"@JetBlue That makes sense. It sucks, though, because now I'll be stuck in the airport for 5+ hours and Late Flight to my meeting.",negative
2015-02-18 04:29,Delta,"@JetBlue shout out to the crew on flight 89 headed back to the big apple, they kept my glass half full the whole flight! #jetbluejfk",negative
2015-02-18 04:30,Delta,"@JetBlue ripped my suitcase. I then was yelled at with attitude from Geraldine, your employee at the baggage center.Worst airline= #jetblue",negative
2015-02-18 04:35,US Airways,"@USAirways No need for apologies just an unfortunate situation . There is no up date, I've landed but was suppose to land at 5",negative
2015-02-18 04:35,Delta,@JetBlue That's pretty nice. Are flight credits automatically given after the flight? I also wish there were a lounge I could sleep in.,neutral
2015-02-18 04:35,United,@united RTB&gt;IAH 2/17 First class. My wife (Global Services) and I had headaches due to our neighbors smoking e cigarettes. Contact me pls,negative
2015-02-18 05:21,US Airways,@USAirways 25 mins after the scheduled departure and still sitting in terminal. Communication would be lovely... http://t.co/pkAxUNYfn2,negative
2015-02-18 05:25,Delta,@JetBlue I understand but everyone said different things and there was a flight out Late Flightr that night but only one of us got to take it,negative
2015-02-18 05:34,United,"@united even with the multiplier the ticket price will still never equal the amount of miles you travel, even for transatlantic flights!",neutral
2015-02-18 05:43,United,@united Flight 512 had sime of the rudest flight attendants. I was run over by the drink card and had a flashlight dropped on me. #noapology,negative
2015-02-18 06:04,United,@united A generic form with tons of fields asking for info you already? Expected more as a premier platinum. Another #servicefail,negative
2015-02-18 07:36,Delta,"@JetBlue Change in the Air for Travelers, Investors - @BloombergNews http://t.co/6redD3vC73",neutral
2015-02-18 08:44,United,"@united @laurasbrown5 What does ""dealing via email"" have anything to do with a crappy web form that is not made for mobile devices",negative
2015-02-18 08:59,Virgin America,@VirginAmerica Thanks for making my flight from LAX to JFK a nightmare by forcing me to check my carry on bag at the gate. (1),negative
2015-02-18 10:23,Delta,"@JetBlue @_justdippin_ drops a new video off the upcoming project #TheTakeover, produced by YpOnTheBeat https://t.co/IKQBdZA7TN RT",neutral
2015-02-18 10:50,United,"@united Hi, I am flying domestic first from SEA to HNL. Can I pay to use the lounge before I fly or this is just for international? Thanks",neutral
2015-02-18 11:14,United,@united How long can I expect the formal response to take?,neutral
2015-02-18 11:50,Delta,@JetBlue why is t that every time I fly jfk even more speed doesn't work waiting for 10 min #nogood,negative
2015-02-18 11:58,US Airways,"@USAirways, 1st a reaccommodation, now a delayed flight for this one. &amp; the Gate Agent still hasn't mumbled a word. Folks getting anxious.",negative
2015-02-18 12:50,US Airways,@USAirways Has the most useless &amp; Rude employees ever at Philadelphia airport never again will I fly with them ! 😤,negative
2015-02-18 13:22,US Airways,@USAirways still not in the air for deicing of plane. I'll miss connect but customer service was helpful.I'm hoping to catch the next flight,positive
2015-02-18 13:29,US Airways,@USAirways last name Pordes,neutral
2015-02-18 13:59,United,@united this is getting ridiculous. Now we're missing our connection.,negative
2015-02-18 14:31,Southwest,"@SouthwestAir We did not get a single answer from any Southwest personnel. After an hour's wait. No apologies, no explanation.",negative
2015-02-18 14:32,United,"@united in other words... sorry, not sorry. Plenty of other airlines... and I travel A LOT.",negative
2015-02-18 14:39,United,@united 1627 to Montego Bay going back to gate bc 1person was Late Flight? Awful service for all of who came on time!!,negative
2015-02-18 14:56,US Airways,@USAirways we might need a plane to get somewhere but just remember that you aren't the only choice #makeovertime#customerserviceplease,negative
2015-02-18 15:20,United,"@united Disappointed,UNITED did NOT feed small CHILDREN on a 5 &amp; half hour flight (Honolulu to Los Angeles), Appalling, ESP food waspaid for",negative
2015-02-18 15:56,United,@united to start 3xweekly #B737-900 flights from #NewOrleans to #Cancun on between 9MAY-5SEP #avgeek,neutral
2015-02-18 15:58,United,@united can you send a personal plane to get us out of school? It's icing and we don't want to get stuck here @ansleyhutson @emily_donneIIy,neutral
2015-02-18 15:59,US Airways,@USAirways Does your company see passengers as customers or just $$$?,negative
2015-02-18 16:03,United,"@united worst agents in US at Ft. Lauderdale Airport; passengers stand in line, getting status alerts &amp; still didn't make an announcement",negative
2015-02-18 16:06,Southwest,@SouthwestAir When does PV get approved? I am ready to go!!,neutral
2015-02-18 16:08,US Airways,@USAirways Thank you. But it is sad that she couldn't talk 2 a REAL person &amp; kept getting disconnected by an automated msg.,negative
2015-02-18 16:19,Southwest,@SouthwestAir @love_dragonss LAUREN IM SCREAKJMF,neutral
2015-02-18 16:21,Southwest,@SouthwestAir Thank you thank you thank you,positive
2015-02-18 16:22,US Airways,@USAirways I've been trying for DAYS! And I don't get hung up on until after I get through all the prompts. What am I to do??,negative
2015-02-18 16:32,United,@united There is no excuse for leaving a minor to spend the night sobbing (9 hours) in a plastic chair. UA's actions? Terrible. # united,negative
2015-02-18 16:34,Southwest,@SouthwestAir I just wanted Southwest to know that I don't think they're as great as I used to anymore. Nothing to look into.,negative
2015-02-18 16:56,Southwest,"@SouthwestAir LOVE your TV ad with the girl dancing. Makes me laugh every time, AND now I want to take a trip! :-)",positive
2015-02-18 16:57,Delta,@JetBlue Flight Booking Problems flights for a DC visit for Easter weekend started difficult but ended well with you guys! Big fan here. :),positive
2015-02-18 17:03,Southwest,"@SouthwestAir I have a flight to Vegas coming up soon, but haven’t received any drink tickets Late Flightly. Can you help me out?",neutral
2015-02-18 17:06,US Airways,@USAirways Thank you!!! On our way to get her bag now - thanks to having that number 😊,positive
2015-02-18 17:16,Southwest,@SouthwestAir 10 revenue flights since the beginning of 2015?,neutral
2015-02-18 17:43,United,@united #sfo #ClearVision #TV4U @ United Terminal SFO Airport http://t.co/Q9bYn9pCTf,neutral
2015-02-18 17:51,US Airways,@USAirways they said because there was no meal on my flight they would not - what airline serves food anymore? Update in policy?,negative
2015-02-18 18:29,Delta,"@JetBlue hey, so, Dre at Seatac check in needs a raise, stat. Dude gave me amazing customer service and made me feel valued. 👍",positive
2015-02-18 18:32,Delta,"@JetBlue friendly, engaging, personable, handled clarifying questions about baggage fees well, and took an interest in what I was doing.",positive
2015-02-18 18:42,Delta,@JetBlue thanks!,positive
2015-02-18 18:48,US Airways,@scm1133 @USAirways we hate delays!! have you tried any of these?! http://t.co/7STktJXAN1 (although we're not sure what a timbit is...),negative
2015-02-18 18:55,US Airways,@USAirways she also appreciated having her very own hashtag! :) #lucycat,positive
2015-02-18 19:15,US Airways,"@USAirways the least comforting thing from your pilot after sitting on a stationary plane for 3 hours is ""I don't really know what happened""",negative
2015-02-18 19:15,Southwest,@SouthwestAir Any possible chance of SWA bringing back service between LGA-BWI? It would make it much easier to connect to the west coast.,neutral
2015-02-18 19:21,Southwest,"@SouthwestAir how do i know that my information is not found on other people's account? I can see someone else's reservation, rr # and trip",negative
2015-02-18 19:23,US Airways,@usairways would it kill you to let me know how many minutes I might be on hold?,negative
2015-02-18 19:50,United,@united flight 5431,neutral
2015-02-18 19:50,US Airways,@USAirways turns into @AmericanAir with such difficulty to past loyal customer. As a AA platinum flyer usair couldn't be more unhelpful. Why,negative
2015-02-18 19:55,Southwest,@SouthwestAir JUST GAVE ME TICKETS TO SEE @Imaginedragons AT @VelourLive ON SATURDAY. I CAN'T EVEN RIGHT NOW HAHA. THANK YOU!!!!,positive
2015-02-18 20:08,Virgin America,"@VirginAmerica thank goodness!! Also, see you friday, nwk&gt;sf.. BOOM!",positive
2015-02-18 20:15,US Airways,"@USAirways I been sitting on this plane for 40 minutes, and they are saying another 15 minutes something about paper work. This sucks !!",negative
2015-02-18 20:32,Virgin America,@VirginAmerica got it. All set - Thanks!,positive
2015-02-18 20:36,Delta,@JetBlue Statement on #Lufthansa Incentive Offer - Stockhouse http://t.co/obF9jbPc6A,neutral
2015-02-18 21:07,US Airways,@USAirways I realize the weather but day after day our flights keep getting Cancelled Flighted. Please prioritize ur passengers and help them,negative
2015-02-18 21:11,US Airways,@USAirways thanks to Betty working gate at ILM and lovely gate agents here in CLT helping me get home 2 Phx tonight instead of tomorrow,positive
2015-02-18 21:15,Delta,@JetBlue I'm all set. About to fly. Not bad for a first date with a giant metal bird machine. She even brought snacks.,positive
2015-02-18 21:18,Southwest,@SouthwestAir How do I stop getting credit card apps? I already have a card!,negative
2015-02-18 21:21,US Airways,@USAirways I've been waiting for desk for 45 and on hold 36min and counting...photo of desk agent on phone not flattering.,negative
2015-02-18 21:26,Delta,"@JetBlue my mom wanted me to change her seat along with my sister, but their two different reservations and idk",neutral
2015-02-18 21:31,United,@united Fantastic job by your people today on ua22 from Dublin. A jam packed plane but the crew was wonderful!!,positive
2015-02-18 21:37,Delta,@JetBlue Any EMS window seats on 1099 tomorrow?,neutral
2015-02-18 21:52,Southwest,@SouthwestAir Open more kiosks at Austin-Bergstrom. Three lanes to service a line of 50 people? Really?,negative
2015-02-18 21:53,Delta,@JetBlue can you DM?,neutral
2015-02-18 22:13,US Airways,@USAirways we haven't departed yet so let's not get too high hopes. But everything has been on schedule so far,positive
2015-02-18 22:22,Delta,@JetBlue PR-friendly tweets don't help drive accountability. Hope Mr. Hayes takes note.,negative
2015-02-18 22:39,United,@united I will be patient as your agent explains how you have me booked on a new flight for 6:18 when that plane doesn't arrive until 6:07,negative
2015-02-18 22:45,United,@united thanks! Makes sense. Just annoying that it can't be determined better.,negative
2015-02-18 22:50,United,"@united they are all -pilots, FA and ground personnel doing a great job. Weather is to blame... Who do I talk to about that :)",positive
2015-02-18 22:50,United,"@united I find this text funny, considering we are still sitting here because 2 seats need to be changed out. http://t.co/LoLuWfCi11",negative
2015-02-18 22:51,Southwest,"@SouthwestAir @LeeAnnHealey I was all, yeah sale fares! I got places to fly! Oh damn, right, I live where SWA doesn't fly. #why",negative
2015-02-18 22:52,United,@united took this one just for you. Not a window. Also not fun if you get motion sick. http://t.co/m81rV0blxs,negative
2015-02-18 23:02,Delta,@JetBlue Yes That's true but they are a bit pricey I will look into it further. Love you guys.,positive
2015-02-18 23:06,United,@united 3 phone reps. None could see I was rebooked so missed that flight.Told to go standby for a nonexistent Late Flightr flight. Did I hurt you?,negative
2015-02-18 23:08,United,@united flying tomorrow from mexico to US. Mileage tkts dont show 1k status. Help,negative
2015-02-18 23:11,Delta,@JetBlue so why do you put this at the bottom of ur baggage report? For fun? #JetBlue @airlinequality #skytrax http://t.co/tU9JX2jaZN,negative
2015-02-18 23:17,Southwest,@SouthwestAir @Imaginedragons Did they pick someone for Destination Dragons?,neutral
2015-02-18 23:19,US Airways,@USAirways the Late Flightr flight to Charleston is leaving before the flight scheduled earlier. That's so wrong,negative
2015-02-18 23:21,Delta,@JetBlue my daughter's college game in Denver. Only one set of parents will be there 😢😢😢,neutral
2015-02-18 23:48,Virgin America,@VirginAmerica this is too cool! Never been on ur planes but now I will!!,positive
2015-02-18 23:51,Southwest,"@SouthwestAir My flight was 952, leaving las vegas at 5:40pm, arriving at CHI-MID at 11:00 pm.",negative
2015-02-19 00:15,US Airways,@USAirways if you could have ran your USExpress/PSA worth a damn I wouldn't be stuck in horrible CLT now.,negative
2015-02-19 00:19,Virgin America,@VirginAmerica announced New Route to Austin w/fares from $39/way. http://t.co/gA8pbamu0C,neutral
2015-02-19 00:21,Delta,@JetBlue C'mon now. My flight's delayed annnnnd you can't give me a pick?!? I'm about to tweet at @united or @Delta .......,negative
2015-02-19 00:27,United,@united A change fee of $200. Same exact flight from ATL-HOU is $165. Why a charge of $574? The math doesn't add up.,negative
2015-02-19 00:40,US Airways,@USAirways I'm sorry as well. It's been 24 hrs without my bag and I can't get a straight answers. I'm on call #6 for today.,negative
2015-02-19 00:56,United,@united hi! I just bought a flight with united through ebokeers from Paris to Miami. Do I have any chance to check that everything is ok?,neutral
2015-02-19 01:02,US Airways,@USAirways delayed 2 days for weather and on top I got yelled at for being Late Flight when I was not notified of the time change #WellDone,negative
2015-02-19 01:30,Delta,@JetBlue They told us 10 minutes almost 40 minutes ago.,negative
2015-02-19 01:33,US Airways,@USAirways on time today and from PHL! Nice work! #ThereIsAFirstForEverything,positive
2015-02-19 01:50,United,@united i now see it's 72 hours. Thanks,neutral
2015-02-19 01:58,United,"@united yes #LHRT2 lounge is fantastic, if only the US ones could be remotely similar!",positive
2015-02-19 02:43,United,"@united Okay, thank you for your help :)",positive
2015-02-19 02:47,Virgin America,@VirginAmerica Can I get some help with a support ticket? It's been 15 days.... Incident: 150202-000419 Thank you!,negative
2015-02-19 03:10,United,"@united you can't claim ""weather"" with your hardworking crew pulling seats out of a plane! Do the right thing. But we both know you won't",negative
2015-02-19 03:15,US Airways,@USAirways lost our luggage. #yay,negative
2015-02-19 03:21,United,@united how come the crew traveling on the flight gets a better seat and I get stuck checking my bag and the crews bag got on the flight.,negative
2015-02-19 03:25,United,"@united 2 hour flight from FLL to Ewr, 1242, now waiting 1 hour plus for bags, no sign yet. What gives????",negative
2015-02-19 03:26,US Airways,@USAirways #flight4592 LET US OFF THIS PLANE!!! please go to a gate. This is absurd.,negative
2015-02-19 03:29,Delta,@JetBlue Gnight checked in at POS &amp; supervisor was unaware of policy. That sucked having to guide him to the internet. He was v unfriendly,negative
2015-02-19 03:57,US Airways,@USAirways worst customer service. Still not providing me an answer even after I drove back to CLT airport. been rude &amp; unacceptable #fail,negative
2015-02-19 04:03,US Airways,@USAirways - done :),positive
2015-02-19 04:03,Virgin America,@VirginAmerica I'm pulling my hair out trying to book a flight with u. Your site doesn't work on iPhone or iPad.don't have a computer #help,negative
2015-02-19 04:05,United,@united its not the way to treat your customers we had a lot of issues and it was not worth our headache we went thru,negative
2015-02-19 04:15,United,"@united we finally just arrive to Bogota, good but long flight!!",neutral
2015-02-19 05:12,United,@united I can't tell/purchase through the website because they put us on a Lufthansa flight for the first leg.,negative
2015-02-19 05:20,United,@united ^GJ I do believe that this is hands down the worst service I've EVER experienced. Makes @comcast look amazing. #UnitedAirlines,negative
2015-02-19 05:24,Virgin America,@VirginAmerica Your planes are really pretty. Just thought u should know that. :),positive
2015-02-19 06:05,Delta,@JetBlue unveils new 'Bluemanity' livery - USA TODAY http://t.co/ueGgKN79zA,neutral
2015-02-19 06:43,Southwest,@southwestair so I saw the promo for A-List when I was on a plane this Monday. I fly two more times in the qualification period. 1/2,neutral
2015-02-19 07:19,United,@united ^GJ flight 1101 didn't have wifi even though it was promised to by your ground crew. #AnotherDisappointment,negative
2015-02-19 08:51,United,@united loses my luggage and @hotelstonight loses my reservation. after a 10 hour travel day. I just want to get to @StartingBloc in the am!,negative
2015-02-19 10:35,United,@united thanks for the quick reply! I just fill in the form #idnumber8569822 #hopetogetanswersoon,positive
2015-02-19 11:40,United,@united you board a 630a flight and then Cancelled Flight it because it doesn't have a pilot? Now I miss my meeting Atlanta because someone slept in?,negative
2015-02-19 12:00,Delta,@JetBlue good morning sunshine! #TailfinThursday http://t.co/Nc0ES6e4Lf,positive
2015-02-19 12:16,US Airways,@USAirways understood and so does us airways. Getting through tsa is the problem,negative
2015-02-19 12:23,Southwest,@SouthwestAir Stuck on 4251 with the heat blasting to try and thaw the water lines.... Kinda disappointed for my first flight as a RR member,negative
2015-02-19 12:32,US Airways,@USAirways just called reservations. Cannot change just able to put note on res. Problem is tsa...,negative
2015-02-19 13:21,Delta,@JetBlue tried them not helpful. Really dissatisfied with Flight Booking Problems my whole trip with jet blue this time around besides the flights.,negative
2015-02-19 13:46,United,@united Trying to locate passenger that landed 2 hrs ago in @HeathrowAirport UA938. can you assist? Is flight still in customs? PLEASE help,neutral
2015-02-19 13:55,United,@united Thanks JT,positive
2015-02-19 14:02,US Airways,"@USAirways I thought about moving a lot of business over too, but first impressions count.. Glad it was miles and not cash.",negative
2015-02-19 14:15,Southwest,@SouthwestAir we're here at MCO. Thanks.,positive
2015-02-19 14:19,US Airways,@USAirways I do to as I have an afternoon Conference in Las Vegas and I would rather plan ahead than run thru the airport and then attempt,negative
2015-02-19 14:30,Delta,@JetBlue How is it possible the only way to contact your fraud department is mailing a physical letter? No telephone? No email? REALLY??,negative
2015-02-19 14:41,Delta,@JetBlue ready to go to Disneyworld! For the @runDisney #PrincessHalf http://t.co/sTQY9V8256,positive
2015-02-19 14:49,US Airways,"@USAirways My booked seat ended up being the last row which was labeled ""do no occupy"" had to play musical chairs for 30 mins. Unacceptable",negative
2015-02-19 15:02,Southwest,@SouthwestAir iPhone app now has passbook support! Whoot! It's the little things in life... 😜,positive
2015-02-19 15:03,Southwest,"@SouthwestAir - thanks to the agent boarding 1137, ATL-AUS. Left my wallet on the inbound. He found it for me!",positive
2015-02-19 15:26,Delta,"@JetBlue customer service was so bad updating my points, once I use my next points, I won't be flying you. Point system is almost a sham.",negative
2015-02-19 15:30,Southwest,@SouthwestAir guess where Ashley is. She's doing a great job presenting. #ragandisney http://t.co/5ZNMwxDI9U,positive
2015-02-19 15:37,Delta,@JetBlue loves Cancelled Flightling tickets and not telling their customers #flyunited,negative
2015-02-19 15:48,Southwest,@SouthwestAir nothing express about your express bag drop at Phoenix Sky Harbor,negative
2015-02-19 15:48,Delta,"@JetBlue For my Grandma Ella's 80th, she would love a birthday greeting from your flight crew! She was a stewardess for Eastern Airlines.",neutral
2015-02-19 15:57,Southwest,@SouthwestAir Incredibly frustrating. I emailed but still haven't received a response.,negative
2015-02-19 16:10,US Airways,@USAirways skys r sunny air is cold I can't wait to get to #CLT,neutral
2015-02-19 16:28,US Airways,@USAirways what's happening with 1217 Phl to LAX? Now 3 hr delay. Poor communication!,negative
2015-02-19 16:29,Virgin America,@VirginAmerica Comenity Bank is a joke! Please change. Nothing but constant problems with this bank,negative
2015-02-19 16:41,Delta,"@JetBlue Utah, I think. And thanks!",positive
2015-02-19 16:42,Southwest,@SouthwestAir I already follow you and can't DM because u need to follow me back,negative
2015-02-19 16:44,US Airways,@USAirways got rebooked. Sent to A9. Wrong gate! Traveled back to B13 for correct flight. #tired&amp;frustrated,negative
2015-02-19 16:58,United,"@united I guess that's not the busiest route, so based on traffic/fuel costs, regional jet is the decision, but still not great 4 travelers.",negative
2015-02-19 17:12,US Airways,@USAirways Was just on hold with you all for TWO HOURS and then got hung up on. oh my god.,negative
2015-02-19 17:53,Southwest,@SouthwestAir there is a good chance myself nor anyone else in this airport will ever be Flight Booking Problems southwest again..,negative
2015-02-19 18:01,Delta,@JetBlue Ever consider coming to Memphis? Need some TrueBlue service and fares badly!!,neutral
2015-02-19 18:02,Southwest,@SouthwestAir now flying non stop CMH-OAK has me daydreaming about a trip to the bay...especially in this weather. #OhioProbz,positive
2015-02-19 18:06,Southwest,@SouthwestAir I have 2d and 3d embossed badges and patches superior to the ones you are currently using. http://t.co/3fq3XElbOn,neutral
2015-02-19 18:07,US Airways,@USAirways they finally answered. They were rude and didn't help me at all.,negative
2015-02-19 18:10,Virgin America,"@VirginAmerica Done, but I need the receipt ASAP. Could you please help? #150219-000114",neutral
2015-02-19 18:39,United,"@united nonrefundable, hence I wrote $200! Doesn't make sense for my 150 credit. #nothanks",negative
2015-02-19 18:45,US Airways,@USAirways can you DM me &amp; add me to the upgrade list for a flt tonight?,neutral
2015-02-19 18:48,US Airways,@USAirways @OBJ_3 even airlines are scheming to get a follow from OBJ LMAOOO 😂😂😂😂,neutral
2015-02-19 18:50,Delta,@JetBlue Pooling and gifting are completely different. I shouldn't have to be charged $375 to send points. Its disgusting.,negative
2015-02-19 18:50,Southwest,@SouthwestAir suggestion- shades on the windows @KCIAirport so travelers won't have to watch ur luggage handlers throwing their bags around,negative
2015-02-19 18:55,Delta,@JetBlue Alternatives? You have absolutely no respect for loyal customers. 8 years. No more. I'm done.,negative
2015-02-19 19:04,United,@united Hi if a premium ec upgrade was paid for &amp; then a mileage BF upgrade done is the prem Eco upgrade fare refunded?,neutral
2015-02-19 19:10,Delta,"@JetBlue I called jet blue to get an explanation, and make sure it would not happen in the future. I was told to write the fraud dept.",negative
2015-02-19 19:20,Delta,@JetBlue Capital One and I explained the false fraud alert. Why did the Jet Blue representative issue me a new tkt if it wasn't resolved?,negative
2015-02-19 19:20,Southwest,@SouthwestAir never got any notification that flight 955 was Cancelled Flighted today. Correct phone # and email on file. Not a happy customer.,negative
2015-02-19 19:28,US Airways,"@USAirways worst airline ever....left without luggage for 7 days, submit $700 expenses and they offer a refund of $297? #badservice",negative
2015-02-19 19:35,US Airways,@USAirways I just think it's weird to have mileage as 666,positive
2015-02-19 19:37,Southwest,@SouthwestAir Thank you. Great tool,positive
2015-02-19 19:37,Southwest,@SouthwestAir Unable to check in my flight. It says my itinerary is ineligible for checkin online. Go to counter. Very inconvenient!!!,negative
2015-02-19 19:45,United,@united or did you mean 24-26?,negative
2015-02-19 20:18,US Airways,@USAirways how are you guys losing luggage when it was suppose to be on the same flight I was on. Highly disappointed no meds no clothes :(,negative
2015-02-19 20:35,United,@united thats because you didnt read my entire tweet. Wife's 12pm flight is now delayed to 6:30. Thats 3 6+ hour flight delays in 2 weeks,negative
2015-02-19 20:36,Delta,@JetBlue a little vino wouldn't hurt 🍷,neutral
2015-02-19 20:43,Southwest,@SouthwestAir thank you. Please follow and I will send.,neutral
2015-02-19 20:50,Southwest,@SouthwestAir makes flying for @UNO_Baseball fun! Flight crew just led the plane in singing happy birthday to one of our guys! #LuvInTheAir,positive
2015-02-19 21:03,US Airways,@USAirways yes. Every one of these on every flight is like this. There needs to be more Velcro or something,negative
2015-02-19 21:21,Southwest,@SouthwestAir Luvin me some flights today!! Don't change!! And please add Paypal as payment option!!!,positive
2015-02-19 21:26,Delta,@JetBlue I can't. I don't have acces to a phone rn. My iPhone broke. :/ would rather change it now then Late Flightr.,neutral
2015-02-19 21:30,Southwest,@SouthwestAir @DreSparkles Thank you! I finally made it to my destination,positive
2015-02-19 21:44,Delta,@JetBlue I can probably find some of them. Are the ticket #s on there?,negative
2015-02-19 22:09,United,@united has the best pilots ever Thank you guys for the great trip #thatisall,positive
2015-02-19 22:19,Delta,@JetBlue what's the hold up with flight 1553? boarding should've taken place 30 minutes ago.,negative
2015-02-19 22:25,Virgin America,@VirginAmerica trying to check-in...but looks like your site is down?,negative
2015-02-19 22:30,Delta,"😢😢 RT“@JetBlue: @Peaches275 Oh no! Unfortunately, the code must be entered at the time of purchase in order to qualify for the points.”",neutral
2015-02-19 22:34,United,@united smiling? NOT!!,negative
2015-02-19 22:45,US Airways,@USAirways any word on whether or not flight 1971 from Seattle to Charlotte will have connections held? Or...,neutral
2015-02-19 22:45,US Airways,@USAirways no problem. Things worked out at airport. Thanks!,positive
2015-02-19 23:01,Southwest,@SouthwestAir flight # 317,negative
2015-02-19 23:06,United,@united thanks! Everything a-ok now.,positive
2015-02-19 23:06,Delta,"@JetBlue awesome, thanks!",positive
2015-02-19 23:14,United,@united On flight 1712 to Houston delayed duecto engine trouble. Willl you hold my connection to Argentina at Houston since I'm Late Flight now?,negative
2015-02-19 23:20,Southwest,@SouthwestAir Did yall get rid of the Austin to Cabo flights all together? There's zero non-stop in Aug and Sept,negative
2015-02-19 23:37,United,@united happens every time in and out of Newark.,neutral
2015-02-19 23:52,United,"@united Your survey is too long. I fly a lot of segments and I'll fill it out after every trip, but not if it takes more than a minute.",negative
2015-02-19 23:54,Southwest,@SouthwestAir you're going to compensate us for the two plane changes in Atlanta right?,neutral
2015-02-20 00:00,Delta,@JetBlue Guess I'll wait another 24 hrs in hopes rate goes down &amp; is more reasonable. Fingers crossed. Cutting it close to my travel dates.,neutral
2015-02-20 00:01,Delta,"@JetBlue Although it wasn't totally the answer I was looking for, I appreciate the prompt response.",positive
2015-02-20 00:11,United,@united an update on flight 5979 would be great!,negative
2015-02-20 00:16,United,"@united thanks for trying to take my money without notice. In any other industry, you Cancelled Flight a service, a refund is issued. Cont…",negative
2015-02-20 00:17,United,@united make sure you make Cancelled Flighted flight baggage and upgrade fees seem like a labyrinth so that you might be able to swindle a few $ more,negative
2015-02-20 00:17,United,"@united How is this considered ""on time"" if it's arriving at destination half hour Late Flightr than scheduled? http://t.co/YMFTw1uyHr",negative
2015-02-20 00:18,Southwest,@SouthwestAir done.0,neutral
2015-02-20 00:44,Virgin America,@VirginAmerica @VirginAtlantic @GMA @AmericanAir Can You Help #ourprincess in need of some help in #USA 🎀🇬🇧🎀🇺🇸🎀 http://t.co/778AzTDaer,neutral
2015-02-20 00:48,United,@united Lost my wallet on flight 1007 yesterday from Houston to Bogota. Filled out your online form. No response yet.,negative
2015-02-20 00:53,United,@united Am I illiterate or is there a magic code to make your customer service site work? http://t.co/t4gcKs2bh5,negative
2015-02-20 01:16,Virgin America,@VirginAmerica Many Thanks for the Follow. #ourprincess #freyasfund #USA #Bandie Looking for Any Help😍 💗🇬🇧💗🇺🇸💗 🎀🌏🎀 http://t.co/UJfS9Zi6kd,neutral
2015-02-20 01:51,United,@united Cancelled Flighted my mileage plus award reservation G6455C same day. Have yet to see my miles back despite agent confirmation.,negative
2015-02-20 01:55,Southwest,@SouthwestAir you know I ❤️you but trying my patience - had easier cheaper ways from TPA to PDX but stuck w u. Turned my 3 hrs in MCI to 6,negative
2015-02-20 02:01,US Airways,@USAirways 45 minutes on hold waiting to speak with an agent !! Come on #USAirways !!! Ridiculous #baggagelost #usairways,negative
2015-02-20 02:06,United,@united LGJW7B. I voluntarily rerouted; 1st leg of journey was in economy and was supposed to be 8B. Res agent said she'd reserve it for me,neutral
2015-02-20 02:09,United,@united your flights are really cheap what's the catch,neutral
2015-02-20 02:20,Southwest,"@SouthwestAir it'd be nice if I could get an answer, even a simple ""no"" would do; I just want to know. :)",negative
2015-02-20 02:24,United,@united ORD Gate C25 and Flt 619- remember when customers were valuable? Is it so hard to be nice to someone lugging a guitar &amp; carryons ?,negative
2015-02-20 02:42,Delta,@JetBlue @NinaDavuluri 😃cool,positive
2015-02-20 02:42,Delta,@JetBlue Maybe I'll just go to Cleveland instead.,neutral
2015-02-20 02:46,Delta,@JetBlue Can I bring my dog on board?,neutral
2015-02-20 02:55,US Airways,@USAirways flight 728 from PHL to London has been sitting on the tarmac for 46min w/NO further update from the pilot. what gives???,negative
2015-02-20 02:58,US Airways,@USAirways We're having 2 grandbabies in 2 weeks -- will travel to DC for the births. Thank you for the reasonable fares! See you Saturday!,positive
2015-02-20 03:08,US Airways,@USAirways the least you could do is make up for what you have caused. You are ruining people's memories! You should be ashamed!,negative
2015-02-20 03:10,US Airways,@USAirways you gladly take the loyal customer's money but when you cause an inconvenience you do nothing to help fix the problem you caused.,negative
2015-02-20 03:28,Southwest,@SouthwestAir do we get to pick which @Imaginedragons show? #DestinationDragons,neutral
2015-02-20 03:42,United,@united I did they did not. I did submit a complaint on line and never heard back from that - I don't have that ID- you should find it,negative
2015-02-20 03:57,Delta,@JetBlue look what I capture at Uvf http://t.co/Lj2ZXZN8kG,neutral
2015-02-20 04:01,Southwest,@SouthwestAir I would love to go to the Atlanta show ♥️,positive
2015-02-20 04:05,Southwest,"@SouthwestAir I love imagine dragons o flipping much, pls #DestinationDragons",positive
2015-02-20 04:05,US Airways,"@USAirways DCA-&gt;HPN, u r prof hostage takers.We stood on bus 2 plane for 25 min,now sitting on plane with no mvmt &amp; 1 announcement 4 &gt; hour!",negative
2015-02-20 04:16,Delta,@jetblue we never received that $15 credit for inoperable tv's on our SFO &gt; JFK flight 2 weeks ago. never got an email...,negative
2015-02-20 04:21,Delta,@JetBlue I left my apt 10hrs ago to go from Boston to SJC and I'm still NYC. Please bring back the nonstop flight. #jetblueBlues,negative
2015-02-20 04:34,Southwest,"@SouthwestAir my sinuses had to contend with two painful landings rather than one, and we missed a preregistration window. Beyond frustrated",negative
2015-02-20 04:51,US Airways,@USAirways and that you can choose the same seat for free after clicking 100 buttons.,neutral
2015-02-20 05:12,United,@united what is your plan to reduce delays?,neutral
2015-02-20 05:28,Delta,@JetBlue why are you making me stay in JFK until 2 am or Late Flightr? Just let me rebook without making me pay more,negative
2015-02-20 05:31,US Airways,@USAirways I have been on three planes for flight 1907 and still haven't left the ground BAD SERVICE #sad,negative
2015-02-20 05:32,Delta,@JetBlue 108 to Portland Maine,neutral
2015-02-20 05:50,United,@united I would appreciate an answer on why we weren't alerted flight had been Cancelled Flighted until plane landed. #showsomerespect,negative
2015-02-20 07:50,US Airways,@USAirways been at DCA at 5 pm still here at 3 am due to mechanical issues and lack of snacks on the plane! Absolutely worse experience!,negative
2015-02-20 08:56,United,@united I'll be impressed if I actually get a response! 😜,neutral
2015-02-20 09:17,United,"@united to top it all off, your flight attendants talked loudly throug the flight, even when the lights were dimmed. Resulting in no sleep",negative
2015-02-20 09:40,United,@united how are you going to rectify this? Please direct me to your complaints department #stickingToDelta,negative
2015-02-20 10:49,Delta,@JetBlue Is it June yet? 😊,neutral
2015-02-20 11:20,United,"@united oh united, how much I despise thee!",negative
2015-02-20 11:36,Delta,@JetBlue and The from @WSJ Team to Offer In-#Flight Access to Journal ... - Broadway World http://t.co/AsYqE1tDjp,neutral
2015-02-20 11:45,United,@united -huge kudos to the FO of Sunday's flt #1623 sjo-iad. Handed my daughter her first pair of wings! Keeping traditions alive.,positive
2015-02-20 12:25,US Airways,@USAirways thanks for taking my flight off the board AND NOT PROVIDING and updates about my flight which is 26 minutes Late Flight.,negative
2015-02-20 12:43,United,@united I had the worst customer experience at Houston intl airport... Your ground support even for @staralliance members is a nightmare,negative
2015-02-20 13:16,US Airways,@USAirways 1826 trying to make a connection to Punta Cana leave PHL at 9:50,neutral
2015-02-20 13:42,United,@United is the worst major US airline. More proof: they're boarding the plane with the outside galley door open in 0 degree weather. Wtf?,negative
2015-02-20 13:44,Southwest,@SouthwestAir that's bull. Once you add a fare to the cart you should be locked in. I made it all the way to PayPal.,negative
2015-02-20 13:48,US Airways,"@USAirways Paid for a Choice Seat my Choice is to NOT have big man next to me in my seat, too. #oldseatnocushion #worstflight #nohelponboard",negative
2015-02-20 14:03,Southwest,@SouthwestAir Received awesome phone help from Jim today. Helped me switch around flights booked with points.,positive
2015-02-20 14:21,US Airways,@USAirways I appreciate your prompt response.,positive
2015-02-20 14:34,US Airways,"@Usairways thanks for making miss connection, getting rebooked, missing that too, and a miserable day. Started my day @ 4:30am for nothing!",negative
2015-02-20 14:36,United,@united education of that staff is needed - he also turned away other first class cabin passengers with mileage plus.,negative
2015-02-20 14:49,Southwest,@SouthwestAir Jackpot! #legroom http://t.co/ZO2iceG4lI,positive
2015-02-20 15:00,Delta,@JetBlue Just signed up for TrueBlue and booked a flight but keep getting an error when I try to link it to my TB account. What's the deal?,neutral
2015-02-20 15:03,US Airways,"@USAirways No. Just felt that you could do better in making the emails feel a little less of “We don’t care. We’re automated.""",negative
2015-02-20 15:09,US Airways,"@USAirways Thanks, but you can't. My flight was Cancelled Flightled for ""maintenance"" reasons, and the next available flight was too Late Flight for me.",negative
2015-02-20 15:14,US Airways,"@USAirways never let's me down, every. Single. Flight. Gets delayed.",negative
2015-02-20 15:16,US Airways,@USAirways I spoke with a customer service rep who was rude and curt and transferred me to eternal hold. Sad. #badservice #mergerdisaster,negative
2015-02-20 15:26,Southwest,@SouthwestAir Who can I contact about requesting a charity donation? #ThankYou,neutral
2015-02-20 15:35,Delta,"I was a bit steamed in conjunction w/my new 7-hour wait at first, but having sat down and bought a bit of tea, I've settled some @JetBlue",negative
2015-02-20 15:36,US Airways,"@USAirways now I am on flight to FLL, and told to take a train back to PBI to get my car. There are no trains to PBI!",negative
2015-02-20 15:43,Delta,@JetBlue you guys rock!! http://t.co/LA397zaoAY,positive
2015-02-20 15:54,Delta,@JetBlue thanks bae,neutral
2015-02-20 15:54,Virgin America,@VirginAmerica is saving my sanity right now: http://t.co/ELtBOLjUl9,neutral
2015-02-20 16:03,United,@united - are you aware your airbus fleet sucks? I'd rather fly a C-130 full of rubber dog shit.,negative
2015-02-20 16:04,US Airways,"@USAirways I've been on hold for 35 mins to sort out my reservation out of sync message when trying to check in, what's wrong?!?",negative
2015-02-20 16:05,United,.@united Nope - had to rebook through Houston so I could get to Amarillo before 11pm. Stuck in SFO for four hours.,negative
2015-02-20 16:07,United,@united good fly!! #United #businessFirst,positive
2015-02-20 16:20,Southwest,@SouthwestAir THANK YOU SO MUCH YOURE AMAZING IM GOING TO CRY OMG,positive
2015-02-20 16:29,United,@united that link is not helpful as it does not put me In touch with management,negative
2015-02-20 16:38,United,@united Do miles earned with Explorer card count toward lifetime miles?,neutral
2015-02-20 17:25,United,@united DM sent. This lack if customer service is getting ridiculous.,negative
2015-02-20 17:25,US Airways,@USAirways that website does not give correct info said my bag was in Miami was in key west the entire time..I got the run around for 2 days,negative
2015-02-20 17:35,United,@united that may be true however after 4 weeks matter is still unresolved and I can not get through to a supervisor or manager to help,negative
2015-02-20 17:41,United,@united @44Stocker my wife Sarah stocker did also called but could not connect me to customer service,negative
2015-02-20 17:46,Delta,@JetBlue flight booked! Heading out to California with the @WikiPearl team for @NatProdExpo on March 6-8! Can't wait! #ExpoWest,positive
2015-02-20 17:48,Southwest,"@SouthwestAir so, when your plane doesn't work the luxuries I paid for go away but you keep my money? I need that biz model.",negative
2015-02-20 17:57,United,@united I'm in another country - please Cancelled Flight my reservation. I've booked through Swiss air,neutral
2015-02-20 18:01,Southwest,@SouthwestAir Flight to Nashville was Cancelled Flightled. How do we another flight? I've been trying to call &amp; cannot get a human,negative
2015-02-20 18:07,US Airways,@USAirways oh they saw it and said nothing.,neutral
2015-02-20 18:24,US Airways,@USAirways awesome! Flight #676 out of philly on Tuesday. Party in row 15 if you're interested.,positive
2015-02-20 18:24,US Airways,@USAirways flight is already over. I think the airline should just have the flight attendants actually emphasize that VAPE is still smoking,negative
2015-02-20 18:26,Southwest,@SouthwestAir SEA to DEN. South Sound Volleyball team on its way! http://t.co/tN5cXCld6M,positive
2015-02-20 18:27,Delta,@JetBlue and The from @WSJ Team to Offer In-#Flight Access to Journal ... - Digital Journal http://t.co/ucF0B0bQ8r,neutral
2015-02-20 18:31,Delta,@JetBlue i love this song &lt;3 thanks @JetBlue,positive
2015-02-20 18:43,Southwest,"@SouthwestAir understood. Just frustrating, you buy early bird check on the day they go on sale at 6:30am and get mid 'b'. Feel ripped off.",negative
2015-02-20 18:43,Delta,@JetBlue well mine sure aren't anything to write home about!,neutral
2015-02-20 18:44,US Airways,@USAirways It wasn't weather this morning. AWE1701 diverted back to BOS due to mechanical issues. So far lost one of 3 days :(,negative
2015-02-20 18:46,United,@united appreciate the sentiment and you were able to get me off the ground;still missed connection,positive
2015-02-20 18:51,United,@united thanks for prompt response. Another hour to enjoy vacation! Perhaps a bug in the app as it still shows 2:55.,positive
2015-02-20 18:55,United,"Can I put sun in my carry on? RT “@united: @ant_kneee Right now 0 would be a heat wave, so enjoy the warmth! Can you bring some home? ^JJ”",neutral
2015-02-20 18:58,United,@united actually we aren't. Still parked here.,negative
2015-02-20 19:00,United,@United Airlines Is Changing Its MileagePlus Program: Winners And Losers http://t.co/F1yvAiO9ul http://t.co/vGlx6Ykwqg,neutral
2015-02-20 19:04,Southwest,@SouthwestAir how oh how do we get tickets! ?!,neutral
2015-02-20 19:07,US Airways,@USAirways gate agent in CLT forced me to check bag in z1 &amp; proceeded to allow larger bags. Huge inconvenience to travel plans.,negative
2015-02-20 19:08,Delta,@JetBlue heading to Buffalo... trading the cold in Boston for colder in Buffalo... Maybe the Caribbean next time?,positive
2015-02-20 19:26,US Airways,@USAirways Just talked to reservation. Must congratulation to them. Very friendly. Good for usair. The ONLY airline we fly.,positive
2015-02-20 19:27,United,@united Still waiting on our bag! Never got delivered yesterday. Can't reach a real person for help. Sending DM with ref number.,negative
2015-02-20 19:36,Southwest,"@SouthwestAir 4 hour delay in ATL due to ""air traffic control""....love missing an entire day of my vacation #unhappycustomer #mytimeismoney",negative
2015-02-20 19:39,United,@united I think you should board from the back of the plane #whatstheholdup #CHItoCLE,negative
2015-02-20 19:45,US Airways,"@USAirways &amp; also that I was told no comps, upgrades, etc. ReFlight Booking Problems is good enough. #usairwaysfail",negative
2015-02-20 19:45,Delta,"@JetBlue I lost a day at the airport and off my trip, I should be compensated for the inconvenience!!!!!",negative
2015-02-20 19:54,US Airways,"@USAirways sure, just DM'ed you.",neutral
2015-02-20 19:59,Southwest,"@SouthwestAir Was going for the weekend for friend's birthday, so no point in reFlight Booking Problems.",negative
2015-02-20 20:21,Virgin America,@VirginAmerica Is there anything going on with the website? I've been getting a lot of errors past 30 minutes.,negative
2015-02-20 20:22,United,@united perfect! That works! Thank you!,positive
2015-02-20 20:45,US Airways,@USAirways if I have Dividend Miles credit card &amp; I used it to book my flight is one bag free?,neutral
2015-02-20 20:48,United,@united the passengers waited inside the flight on the runway and returned back in o gate that should not count as a valid journey,negative
2015-02-20 21:09,United,@united I can't even look at you right now. I'll call you when I'm not so mad.,negative
2015-02-20 21:15,United,@united need to add service dog to my itinerary for tomorrow,neutral
2015-02-20 21:24,Southwest,@SouthwestAir needs 2 make me whole Used my tkt back n PHX due 2 rude SNA agent Jacquie Plitt flew @USAirways 2 CABO http://t.co/QxWW1p09a0,negative
2015-02-20 21:26,United,"@united not 100% sure, however my ticket included one checked bag, therefore this charge was extra and completely unanticipated.",negative
2015-02-20 21:31,US Airways,@USAirways How do I get through?,negative
2015-02-20 21:38,US Airways,@USAirways Wishing we had our luggage. 2 days now. Had to pay our way from St Thomas to San Juan. Spent extra $$$ because of this mess up.,negative
2015-02-20 21:47,Southwest,@SouthwestAir I was on hold for 30 minutes &amp; no one knows how to win these tickets that you're still handing out? #DestinationDragons,negative
2015-02-20 21:48,Virgin America,👍👍✈️✈️💗 When are you guys going to start flying to Paris? @VirginAmerica: @LizaUtter You're welcome.”,neutral
2015-02-20 22:08,United,@united or frontier ... http://t.co/n8WiNFu6C5,neutral
2015-02-20 22:10,Delta,@JetBlue Did you discontinue nonstop service from SJC to BOS? Can't find 471 or 472 anywhere,negative
2015-02-20 22:10,US Airways,@USAirways @AmericanAir can someone please tell me who I have to talk to #getittogether #findurgrip,negative
2015-02-20 22:19,Delta,@JetBlue flight 691 from bos to Tampa takeoff 40 min Late Flight,negative
2015-02-20 22:25,United,@United super lame that you charge $8 for tv on an international flight to the US. It isn’t 1997!,negative
2015-02-20 22:36,United,@united delayed another hour,negative
2015-02-20 22:54,Delta,@JetBlue Jan 5? That's not summer http://t.co/TpzhjX7Hbt,negative
2015-02-20 23:13,Virgin America,@VirginAmerica your inflight team makes the experience #amazing!,positive
2015-02-20 23:26,US Airways,@USAirways it's not misjudging it's a deliberate strategy. Seen it multiple times on USAir. Makes staff life easier at expens of passengers,negative
2015-02-20 23:27,Delta,"@JetBlue flight1407, it's been a long day! Arrived from London at 11 this morning",negative
2015-02-20 23:39,United,"@United flight experiences R often frustrating, but 2day on UA5184 from CHI to WPG flight attendant April was #amazing! She's 1 of the best!",positive
2015-02-20 23:53,Delta,@JetBlue thanks...,positive
2015-02-20 23:55,United,@united your agents forced me to check a carry on bag. When I received my bag I found your crew had stolen from me. U lost my business!,negative
2015-02-21 00:10,Southwest,@SouthwestAir Are there any current promotions/codes for Nashville-Denver? Thank you!,neutral
2015-02-21 00:25,Southwest,"@SouthwestAir $192 rndtrp 4/30-5/5 ""@DJQ_KC: RT @djimpact: If you're trying to make travel reservations for Vegas on May 2nd it's too Late Flight""",neutral
2015-02-21 00:35,Southwest,@SouthwestAir I wish i would've seen this 4 hours ago!!! I WANTED TO SEE THEM TONIGHT SO BAD!!!! #CRYING,positive
2015-02-21 00:39,Delta,"@JetBlue I DM'd my confirmation code... Thanks again for your help! Mommy, daddy, and kids appreciate it!",positive
2015-02-21 01:08,US Airways,@USAirways Just to follow up here is my experience: http://t.co/WJIiGZtiwg,negative
2015-02-21 01:17,United,@united been sitting on this plane 3:15 unreal. When will my 2+ day nightmare end?,negative
2015-02-21 01:39,United,@united I had one interview I was the last person what does that mean?,negative
2015-02-21 01:53,United,@united thank you for 7 hrs at terminal D in Dulles airport http://t.co/IG2dgctt2M,negative
2015-02-21 01:54,United,@united I have a question about my interview process I had only one interview but was the last person is that good or bad,neutral
2015-02-21 02:07,Delta,@JetBlue saved the day:) @Expedia lost a costumer #jetblue #makingthingseasy #feelbetter,positive
2015-02-21 02:08,Delta,@JetBlue love you guys. You know that. But I paid for prem. wifi toplay @vainglorygame. No go. Ping terrible / up too http://t.co/CmjRIWOP7O,negative
2015-02-21 02:16,Southwest,"@SouthwestAir Thanks so much. Appreciate your kindness in adjusting our reservation. Even during snowstorms, I still prefer Southwest. 👍",positive
2015-02-21 02:27,Delta,@JetBlue I bein calling JetBlue no respond I leave my number no call back I think JetBlue is loosing a customer,negative
2015-02-21 02:49,United,@united Then why did your staff refuse to let ME on the earlier flight citing my having checked a bag?!?!,negative
2015-02-21 02:50,United,"@united It wasn't full, I had plenty of time to go to the gate and check, plus with my status I should have gotten on!?!",negative
2015-02-21 02:59,Delta,@JetBlue my phone number when you have any news for me is (631)891-5722,neutral
2015-02-21 03:20,Southwest,@SouthwestAir @FortuneMagazine great news.,positive
2015-02-21 03:22,US Airways,@USAirways trying to change flight because of airline travel advisory. on hold for 45 mins. Help!,negative
2015-02-21 03:27,Southwest,@SouthwestAir it was 3472,neutral
2015-02-21 03:28,United,@united when a 2 hour flight turns into a 3:30 ordeal...sigh,negative
2015-02-21 03:56,United,"@united ""most likely"" makes it sound like you have no idea, which is not how I want my flights to be. Please use facts thanks.",negative
2015-02-21 03:57,United,@United thanks to Lea in the Chicago office for her help in switching our Cancelled Flighted flights!!,positive
2015-02-21 04:00,Delta,@JetBlue yes I do. I will get you exact data. Your download is fine it's your upload bandwidth and ping that are the issue. Ping especially,negative
2015-02-21 04:15,United,"@united THAT'S the tweet u choose to answer, to tell me you're not liable?! #youretheworst #neveragain",negative
2015-02-21 04:18,United,@united its available online I just can't figure out how to do it to guarantee same flight,neutral
2015-02-21 04:31,US Airways,@USAirways I'm dumping this dividend miles card and forgetting your airline exists #ridiculous #theworstairlineever,negative
2015-02-21 04:46,US Airways,@USAirways flight scheduled for 730pm...told at 150am that flight is Cancelled Flightled after sitting on cold plane for 2 hours.,negative
2015-02-21 04:52,US Airways,"@USAirways the kind gentleman at the gate tells me to ""go left"" to get my hotel voucher at the ticket gate. Took about 20min to get there",negative
2015-02-21 04:54,US Airways,"@USAirways but wait! They are booked, along with all other hotels nearby. I was sent anyway, to the hotel managers disbelief.",negative
2015-02-21 05:00,Southwest,"@southwestair Landed an hour Late Flight from IND to DEN, and 40+ min Late Flightr, our bags are not here. Not cool.",negative
2015-02-21 05:24,United,@united no u don't,negative
2015-02-21 06:01,United,@united Brothers luggage was lost on Copa Airlines Flight 635. He's competing Sunday for the 2015 Panamerican Cross Country Cup. Please help,negative
2015-02-21 06:06,US Airways,@USAirways ...YOU ARE DESPICABLE! The flight plan was lost! Now we've been sitting on the tarmac for an hour! Its a 45 min flight!,negative
2015-02-21 06:15,United,@united your system is down and after being on hold for over 20 mins -Mia tells me she is going to charge a Flight Booking Problems fee?! Customer service?,negative
2015-02-21 06:21,Southwest,@SouthwestAir how often are airplane seats/tray tables cleaned and sanitized? rather have air purifier and clean seats than #wifi 😷😱,negative
2015-02-21 07:08,Southwest,@SouthwestAir DAL is due for sleet Sun. eve-didn't see it listed for cities that can re-book? Fly to DCA at 8:10,neutral
2015-02-21 08:50,United,@united on a flight to New York! Love the quality planes on United!! #WTF #crappy #aviation #NewYork http://t.co/zv6CfPoHl5,negative
2015-02-21 10:04,Southwest,@SouthwestAir Anyone answering phone this morning at 800IFLYSWA? On hold 51 minutes and counting...,negative
2015-02-21 10:16,Southwest,"@SouthwestAir app error - says click here, can't click not hyperlinked http://t.co/IH5w9nfKz2",negative
2015-02-21 10:39,United,Hey @united you've upgraded me on a 10 hour International flight. I forgive you :-) thank you!,positive
2015-02-21 12:03,United,@united never fails to have delayed flights 😡,negative
2015-02-21 12:15,US Airways,"@USAirways Also, get excited, because he's going to be unable to contact you all from his destination, so you get to talk to me.",negative
2015-02-21 12:40,Delta,@JetBlue are you going to be giving travel agent rates to those who hold an Iata card ???,neutral
2015-02-21 12:54,Delta,@JetBlue Thanks!,positive
2015-02-21 13:05,United,@united First Officer of UA 1514 checking our 757 prior to departure from EWR yesterday while on his cell. Safety ??? http://t.co/1TFH2v0a7z,neutral
2015-02-21 13:05,US Airways,@USAirways Trying to change my flight due to NYC travel advisory... your online system Cancelled Flighted my entire flight. Been on hold for over 1 hr,negative
2015-02-21 13:44,Southwest,@SouthwestAir at fort launder dale and the gate agent can't switch flights to an earlier flight but we can on our phone...ridiculous,negative
2015-02-21 13:51,Southwest,@SouthwestAir Flight 4315 (N231WN) taxis at @FlyTPA prior to flight to @Fly_Nashville http://t.co/IDRa8keNoH,neutral
2015-02-21 13:54,Southwest,@SouthwestAir 40 minutes still haven't talked to one person #shocking phone is gonna died before I talk to anyone http://t.co/iWoiGRLHXb,negative
2015-02-21 14:06,US Airways,@USAirways a big thanks to the gate agent flt5127..keeping us informed of the delay#greatcustomerservice,positive
2015-02-21 14:34,Southwest,@SouthwestAir Can I book a flight on my own and get reimbursed by you?,neutral
2015-02-21 14:37,US Airways,@USAirways so disappointed. Least you could do is give us access to admirals club for an hour before our flight to our wedding!,negative
2015-02-21 14:38,United,@united I'm afraid not... I fly or service every week and I'm just unhappy..spend too much money to be unhappy,negative
2015-02-21 15:17,US Airways,"@usairways when trying to check-in online, it says to call...now I've been on hold for 2 hours...what to do?",negative
2015-02-21 15:35,Southwest,@SouthwestAir been on hold now for 1 hour 20 minutes with cust service. Can you help?,negative
2015-02-21 16:02,Southwest,@SouthwestAir - Hi Janet in customer service. I'm calling you back and have been sitting in que for 40 mins! Plz pick it up!!! #frustrated,negative
2015-02-21 16:24,United,"@united your website won't allow me to post the required document, i keep getting **were having technical difficulties**",negative
2015-02-21 16:27,Southwest,@SouthwestAir I thought you guys were the best airline...I've been on hold for an hour!,negative
2015-02-21 17:09,US Airways,@USAirways so I still need to stay on hold? http://t.co/04SDytT7zd,negative
2015-02-21 17:34,Southwest,@SouthwestAir when you take my money and do not provide a service makes for a profitable venture for your company. #IsItTheGaryKellyWay?,negative
2015-02-21 17:36,United,@united Yeah that didn't happen!,negative
2015-02-21 17:37,United,@united thank you for the help!!,positive
2015-02-21 17:38,US Airways,@USAirways Look at that. The flight I have been trying to book for 3 days is gone. I guess someone got through. Thanks! Keep up the #Failing,negative
2015-02-21 17:43,US Airways,@USAirways what happens if the flight takes off before we Cancelled Flight?? That's the issue. We don't want to pay because of your inaccessibility!,negative
2015-02-21 17:45,Delta,@JetBlue minutes to spare.,neutral
2015-02-21 18:05,United,"@united really fucked my day up Hilo to LAX 2hr30min delay because of software? missed connection, getting home 8hrs Late Flightr no upgrade nothin",negative
2015-02-21 18:36,Southwest,@SouthwestAir thx - i managed to figure it out by trying diff confirmation #s as i booked. just annoying it's not readily available!,negative
2015-02-21 18:44,Southwest,@SouthwestAir can you follow and we'll proceed?,neutral
2015-02-21 18:47,Southwest,@SouthwestAir @bgr1061 luv SWA myself and my employees use you always!!,positive
2015-02-21 18:48,Southwest,"@SouthwestAir I'm upset because we were lied to. Was told ice on runway, but EVERY other carrier was able to fly. Airport confirmed no ice!",negative
2015-02-21 19:15,United,@united Friend at O'Hare and can't get on flight bc they say no proof he bought 1st class tkt. He has boarding pass.,negative
2015-02-21 19:35,Southwest,@SouthwestAir @ LAX is almost a mess. For some reason the express bag drop is slower than the full service line. http://t.co/ORY89eEGek,negative
2015-02-21 19:38,Delta,"@JetBlue Love your airline...hate your website. Just tried to book 2 tickets (1 w miles, 1 w/out). Absolute joke. Needs a lot of work!",negative
2015-02-21 19:40,Virgin America,"@VirginAmerica it’s just a bug report, guys",neutral
2015-02-21 20:26,United,"@united Ill check it out, appreciate the response, regardless.",positive
2015-02-21 20:42,Delta,@JetBlue Can I bring a compact folding chair like this in a checked bag? http://t.co/9nivw9ftZw,neutral
2015-02-21 20:48,United,@united I hope not to see the same issue on my return flight tomorrow,negative
2015-02-21 20:53,Delta,@JetBlue actually flight 1089 not 1098,neutral
2015-02-21 21:06,Delta,@JetBlue Phew!! Did it!! (Pant. Wheeze) http://t.co/ZPZ78POeON,neutral
2015-02-21 21:07,US Airways,@USAirways you guys straight up suck ass,negative
2015-02-21 21:20,Delta,@JetBlue hopefully this flight Seattle to Boston 2pm will have wifi. Our first one did not and we had to entertain ourselves! #lizaapproved,negative
2015-02-21 21:31,United,@united how about plowing the snow at a gate before the plane arrives so we don't sit for 45 minutes after an 8 hr flight.... Fail,negative
2015-02-21 21:39,Southwest,"@SouthwestAir Booked 6mos early, paid for Early check in, was ASSIGNED boarding #, here 3hrs early and you deleted me in error?! #LAS2BUF",negative
2015-02-21 21:46,Southwest,@SouthwestAir not letting me DM. # is FSZ4YO,negative
2015-02-21 21:50,United,@united I JUST ASKED MY BOYFRIEND TO PROM OVER THE LOUDSPEAKER ON FLIGHT 494 HE SAID YES!!!! BEST DAY EVER!!! THANK U SO MUCH!!!!!!,positive
2015-02-21 21:57,Delta,@JetBlue Tell me at what point will u realize u can't fly into DCA tonight- u Cancelled Flightled the 1pm when will u Cancelled Flight the 5:26,negative
2015-02-21 22:00,Southwest,@SouthwestAir IND website says contact airline for flight 899 tomorrow to ATL. On hold for over an hour. Can you give me any more info?,negative
2015-02-21 22:04,US Airways,@USAirways Nick on flight 742 was awesome. Please reward him in some way!!! He has kept us smiling on a bad day of travel. #customerservice,positive
2015-02-21 22:04,United,"@united Such as deodorant, shampoo, toothpaste. Seems like that would be limited to 70oz, correct?",negative
2015-02-21 22:10,Southwest,"@SouthwestAir I have sent the DM, should I continue to wait on hold with a rep, or will you be servicing me here?",negative
2015-02-21 22:23,US Airways,@USAirways can you DM me please?,neutral
2015-02-21 22:38,United,@united i'm glad u can solve the prob. But my experience remains - will not fly again on #United,negative
2015-02-21 22:47,Southwest,"@SouthwestAir AH - did DM, no reply. On hold now over 2hrs. Just spent over $1k to get a United flight tmrw to get home. #lame",negative
2015-02-21 23:04,Delta,@JetBlue's CEO battles to appease passengers and Wall Street - Waterbury Republican American http://t.co/Xf9MPnAaJE,neutral
2015-02-21 23:08,United,@united my flight is Late Flight due to mechanical issues 3 of 4 flights in past 10 days!,negative
2015-02-21 23:11,US Airways,@USAirways Hello we are doing a world record attempt on the amount of ball point pens in a collection please could you help with a pen?,neutral
2015-02-21 23:11,United,@united - any way to get a message to an international flight gate at EWR? Road conditions are horrible trying to get to flight ...,neutral
2015-02-21 23:12,Southwest,@SouthwestAir 3 + hrs w/out bags being returned to us after flight 2464 Cancelled Flightled. Maybe put a couple people on it?,negative
2015-02-21 23:14,United,@united A friend traveled via UA1470 today and never got their luggage. What recourse does the person have? Buy clothes and get reimbursed?,negative
2015-02-21 23:16,Delta,@JetBlue are we scheduled to depart as scheduled?,neutral
2015-02-21 23:20,Delta,@JetBlue no more than half an hour wait. It's unreal. Finally first bag coming out. SJU needs to work on this,negative
2015-02-21 23:25,Southwest,@SouthwestAir please refund my ticket. What a terrible experience. #southwestfail,negative
2015-02-21 23:28,US Airways,@USAirways had to Cancelled Flight 4 of my flights because my versace biceps wouldn't stow completely under the seat in front of me.,negative
2015-02-21 23:42,United,@united No customer service rep could confirm where my bag was &amp; each gave me different info. Ruined 2 events I had today. #disappointed,negative
2015-02-21 23:47,Southwest,@SouthwestAir Thank you ^AH. Still wish someone picked up the phone - 3hrs- dead phone. Taking your tweet as a refund confirmation.,negative
2015-02-21 23:52,Delta,@JetBlue what crew? No one here is helping.,negative
2015-02-21 23:52,United,@united Flight Cancelled Flightled to BDL and stranded @Dulles_Airport. Waiting almost 2hrs at customer service. Shout out to diligent agents.,negative
2015-02-21 23:57,Delta,@JetBlue will I be charged a fee to do so?,neutral
2015-02-21 23:58,Southwest,@SouthwestAir I was on hold for two hours and finally hung up. I was able to do what I needed to without customer service eventually.,negative
2015-02-22 00:04,United,@united you really do have a culture problem. Everyone I tried to work with blamed someone else or told me how they're short staffed,negative
2015-02-22 00:18,United,@united is trying to strand us in Houston until tomorrow morning. pretty sure overFlight Booking Problems and maintenance aren't our fault.,negative
2015-02-22 00:20,US Airways,"@USAirways your ticket agents at gate 4 in Providence airport rocked tonight, especially Kristy, sorry if that is not the correct spelling.",positive
2015-02-22 00:34,Delta,@JetBlue on the plane now! Hopefully no longer at the mercy of the playlist! Thanks!,positive
2015-02-22 00:36,US Airways,@USAirways hell is terrible gate agents. And a three hour wait at the gate.,negative
2015-02-22 00:50,Virgin America,@VirginAmerica thanks!,positive
2015-02-22 00:52,United,@united we are the airline that has Cancelled Flightled flights TOMORROW to the NYC area,negative
2015-02-22 00:55,Delta,@JetBlue that selfie was extreme.,neutral
2015-02-22 00:58,Delta,@JetBlue didn't find them unfortunately :( but he was very helpful and took down my info incase they do get found,negative
2015-02-22 00:58,United,@united Can you help me get a flight out tonight to Houston?Just don't want to be stuck here till Monday with all this bad weather moving in,neutral
2015-02-22 01:13,Virgin America,@VirginAmerica trying to book a flight with you guys and your website won't let me... about to lose my business,negative
2015-02-22 01:29,Delta,@JetBlue what are the chances of one of your flights leaving at 6am out of Newark nj being Cancelled Flightled tomorrow?,neutral
2015-02-22 01:30,United,"@united unfortunately, they didn't. I asked the staff if they could help. they said we should ask ppl in our row to switch, but no one would",negative
2015-02-22 01:43,Southwest,@SouthwestAir bags fly free..just not to where you're going.,negative
2015-02-22 01:44,Southwest,@SouthwestAir How many trees have to die before you stop trying to sell us a credit card? #OptOut http://t.co/CXrZhcdTVz,negative
2015-02-22 01:48,US Airways,@USAirways don't think you guys could mess things up any more.. Never flying with you again!,negative
2015-02-22 01:51,United,@united is the worst,negative
2015-02-22 02:03,US Airways,"@USAirways I need help. In air on #717 to CLT from PHL. Conf: D1MQF5 Need confirmed on #1776 to BNA at 10:30. Been bumped all day, need home",negative
2015-02-22 02:11,United,@united it's been over 3 hours...at what point do you let people off of the plane? @FoxNews @CNN @msnbc,negative
2015-02-22 02:27,United,@united why do you hire POS pilots? Thanks for ruining my trip and not allowing me to see my buddy as he turns 30. #unitedsucksdick,negative
2015-02-22 02:36,Southwest,@SouthwestAir you have no baggage tracking system?,negative
2015-02-22 02:47,United,@united 3 times I've called customer services each at least 40 mins... Each time cut off by your operators... Why can't you call me back!,negative
2015-02-22 02:49,United,@united Sandra at ur international checkin counter was rude and offensive. She commented she didn't care if I complained cuz she had 25yrs,negative
2015-02-22 02:52,US Airways,"@USAirways Eyyyy! Cancelled Flightlations, Flight Booking Problemss, reFlight Booking Problemss, but y'all got me on the same flight out tonight (not tomorrow) &amp; the FC upgrade. Thx!",positive
2015-02-22 02:56,Delta,@JetBlue she did. she's still waiting on a callback....the lack of follow through is what's concerning. smh,negative
2015-02-22 03:06,Southwest,@SouthwestAir Cancelled Flightled all flights Fort Lauderdale to Philly. USAir flights got to Philly with no problem. WTF is wrong with SW @USAirways,negative
2015-02-22 03:15,Southwest,@SouthwestAir my flight was Cancelled Flighted for tomorrow and hold times are long can I Cancelled Flight a leg with you?,negative
2015-02-22 03:21,Southwest,@SouthwestAir I'm ready for #MayweatherPacquiao in Vegas May 2nd! http://t.co/8dQZlrJo9p,neutral
2015-02-22 03:30,United,@united please get me off this plane #UA57,negative
2015-02-22 03:55,Delta,@jetblue I missed a goal On @NHLonNBCSports because of your Inept male stewardess. I should have landed already but I havent taken off yet.,negative
2015-02-22 03:56,US Airways,"@USAirways not happy w/ app Late Flightly. Last time I flew wouldn't let me check in, This time I checked in went on Late Flightr says I never checked in",negative
2015-02-22 04:06,US Airways,"@USAirways TRBL experience! 2 hrs on the Tarmac for an inch of snow IN PHL ""No hanger open"" &amp; ""a pile of snow""? #terriblecommunication",negative
2015-02-22 04:16,United,"@united considering I'm now stuck in Newark with virtually sleep in 30+ hours, I doubt it :/ hope car rentals are available",negative
2015-02-22 04:30,US Airways,@USAirways I had to sit in your kitchen and move stuff around so I had what I needed. I'm extremely disappointed in your service,negative
2015-02-22 04:31,US Airways,@USAirways on top or having to check my bag I had to wait over 30 min for my bag to come out at baggage claim. Thanks for wasting my time,negative
2015-02-22 04:35,US Airways,@USAirways what's going on with passengers diverted to CLT on FLL to PHL flight that left at 830 tonight?,neutral
2015-02-22 04:52,US Airways,@USAirways Cancelled Flightled flight 1796 baggage held hostage at CHL. No communication.,negative
2015-02-22 05:12,US Airways,@USAirways in a few weeks,neutral
2015-02-22 05:21,US Airways,@USAirways Get new planes then. Got on this plane at 7:50 its 10:20 now and still on tarmac. How ru going to compensate me for this?,negative
2015-02-22 05:21,United,@united 24 seats available on the 2:15 pm from ORD to RDU...I need 2 seats please,neutral
2015-02-22 05:22,Delta,@JetBlue @dgruber1700 oh wow and I'm complaining about two hour on the run way shucks JetBlue NOT GOOD your service was better than this,negative
2015-02-22 05:32,Southwest,@SouthwestAir been on hold for 1.5 hrs. What's up?,negative
2015-02-22 05:47,Southwest,@SouthwestAir Cancelled Flightled flights and asshole phone support. #worstairline,negative
2015-02-22 07:05,US Airways,@USAirways who do we voice our concerns to when we can't get home with our 8 month old after waiting to taxi to a gate for 3 hours?,negative
2015-02-22 07:06,US Airways,"@USAirways after a grt flight to PHX last week, tonight was terrible. 2.5 hours taxing and you give us water and crackers to compensate.",negative
2015-02-22 07:15,Delta,@JetBlue thanks for the response - when is the next flight after the 9:48 flight?,positive
2015-02-22 07:36,United,@united all set. Figured it out at the baggage office!,neutral
2015-02-22 08:54,Delta,@JetBlue no. Not boarding order. Someone boarded with. Service Animal which a member of my party was allergic to and because the flight was,negative
2015-02-22 09:32,US Airways,@USAirways on hold for 2 hours now have been calling since Monday! I have a flight today need help now!!! #worst #NoExcusesAccepted,negative
2015-02-22 09:52,US Airways,@USAirways @jtrexsocial exactly! How? I've been disconnected 3 times!!!!,negative
2015-02-22 10:21,United,@united @MaxAbrahms *if* he needs assistance? Do you expect him to go on a Scooby Doo tour of terminals until he finds his stuff?,negative
2015-02-22 10:59,United,"@united hey, it's 4am, guess what I'm doing? Not sleeping! Why? Cause you care so little about your customers you let them sleep in airports",negative
2015-02-22 12:13,United,"@united are you looking for European Flight attendants for Paris or Frankfurt? Best, Fabrice",neutral
2015-02-22 12:16,US Airways,@USAirways @jtrexsocial i fell asleep from a call i placed midght.. guess what still on hold 7 am,negative
2015-02-22 12:19,United,@united @suntoshi I still like you united airlines,positive
2015-02-22 12:21,US Airways,"@USAirways wow.. Flight Cancelled Flightled, slept on the floor at the airport and now flight delayed",negative
2015-02-22 12:29,United,@united flighted delayed for hours. 10pm arrival to Vegas is now 4am. Did you seriously lose my luggage???,negative
2015-02-22 12:29,Delta,@JetBlue that's where we all get on the same page. Cancelled Flighted it 45 mins ago. @delta @SouthwestAir help flights from @tfgreenairport to MCO?,negative
2015-02-22 12:57,United,@united flight #1 no luck on #standby,negative
2015-02-22 13:03,Southwest,@SouthwestAir great example of customer service this morning at MSY headed to ATL. Alison and Bobbi were fantastic! Gate B8. Thank you.,positive
2015-02-22 13:08,US Airways,"@USAirways you can't control the weather but you CAN control your systems, processes, people and attitudes. #anotherfail",negative
2015-02-22 13:12,United,@united lost bag on next flight. Didn't have time to load during the 5 hour delay?Consequence from platinum to gold,negative
2015-02-22 13:31,Southwest,@SouthwestAir my sister&amp;brother in law need to get to Florida desperately flying w/ @USAirways is there anything you can do?,neutral
2015-02-22 13:41,US Airways,"@usairways trick for getting into your hold queue? I've been calling since Thursday and keep getting the ""call back Late Flightr"" message",negative
2015-02-22 13:41,US Airways,@USAirways 8am flight to mco canld &amp; resch 1:30.If we opt for 8 am depart tom will us air allow cng return day from sat to sun w/o penalty?,neutral
2015-02-22 13:49,US Airways,@USAirways you need to figure your scheduling out! #worstflightexperienceever #getmehome,negative
2015-02-22 13:56,US Airways,@USAirways passengers sitting on plane for two hours flight #4663 from CMH!!! All other flights have left #usairwaysfail #worstairlineever,negative
2015-02-22 13:56,US Airways,@USAirways how do I reserve my seat on the AA flight I transfer to from ORD to EVV?,neutral
2015-02-22 13:59,United,"@united I would understand if weather was the issue, but bc of airline maintenance I had to sleep on an airport floor and lose an entire day",negative
2015-02-22 14:23,United,@united your airline has been telling me that my luggage is one hour away from my destination for 5 days!,negative
2015-02-22 14:28,United,@United why can't you have an English/Spanish rep call me so we can locate my bag and resolve this issue?,negative
2015-02-22 14:37,US Airways,"@USAirways my brother @BRizzyberg27 missed his flight traveling home for a funeral and can't get through to the call center, can you help?",negative
2015-02-22 14:42,Southwest,@SouthwestAir grouchy about this flight 636 #complimentarybeveragesneeded,negative
2015-02-22 14:43,US Airways,@USAirways but need to confirm please help,neutral
2015-02-22 14:46,Southwest,@SouthwestAir What is the best credit card to use/open to get miles with y'all?,neutral
2015-02-22 15:21,United,@united Delayed more and more these days. MCO &gt; IAD. Fingers crossed I make my connection home to Albany. #united1K,negative
2015-02-22 15:25,US Airways,@USAirways Handled. I found tkt on floor dropped by someone. No way - I’m in wheelchair - to get to podium.,negative
2015-02-22 15:26,US Airways,"@USAirways your customer service is a joke. First a mechanical Cancelled Flightation, now weather. On hold since 5:30 am. No humans. Pls call me!",negative
2015-02-22 15:31,US Airways,"@USAirways @AmericanAir Almost half hour on hold. My cell phone battery is dying. Thanks for your loyalty from a ""Platinum"" member",negative
2015-02-22 15:43,Southwest,@SouthwestAir @AARP #tfw1 Appreciate the tweet back - It was unexpected.,positive
2015-02-22 15:48,US Airways,@USAirways @Expedia 7 Hours for my friend to rebook his trip to Korea after @USAirways Cancelled Flightled a connecting flight to Chicago = IDIOTIC.,negative
2015-02-22 15:54,US Airways,"@USAirways @Sb5551 Um, WE knew this storm was coming, ? Is why didn't USeless Air? Staff accordingly u idiots!",negative
2015-02-22 16:03,Delta,"@JetBlue if I had my tux, it'd be a date! #UMosaicMeCrazy http://t.co/hap4gboSTU",positive
2015-02-22 16:05,Delta,@JetBlue and ask she load the bag for my flight,neutral
2015-02-22 16:06,Delta,@JetBlue That is not very gracious of @jetblue to tell me where I can go BUY water or a snack when our flight is delayed over 3 hours.,negative
2015-02-22 16:13,United,@united this customer service experience will be tweeted for quality assurance.,negative
2015-02-22 16:18,Delta,@JetBlue any idea when the flight will actually take off?,neutral
2015-02-22 16:20,United,@united you guys are horrible! First we get stuck in the snow for a hr in ewr now sitting in cmh saying it could be 30min for a gate,negative
2015-02-22 16:31,Delta,@JetBlue u guys have 2b kidding. No help anywhere. 5 hour delays? Still no answers. Bad cust service. #idlovetoask http://t.co/DPX3yoGTEj,negative
2015-02-22 16:46,United,@united oh I did. Was still lost. Your tracking system stinks as does the delivery system.,negative
2015-02-22 16:50,Delta,"@JetBlue there was a closure? People here need to inform passengers, not send them gate to gate w no info on boards re: updated departures",negative
2015-02-22 16:50,United,@united THANK YOU!,positive
2015-02-22 16:51,Delta,@JetBlue they were amazing and thank you!,positive
2015-02-22 16:52,US Airways,@USAirways am 2. 1/2 hours from airport sure would like to talk to someone,neutral
2015-02-22 16:55,United,@united no way one person is working entire security checkpoint in EWR 🆖,negative
2015-02-22 16:56,Delta,@JetBlue letting me down in San Fran. No Media rate? What's the deal? Looks like this is the last time I fly anywhere with you.,negative
2015-02-22 16:57,Delta,@JetBlue too Late Flight. Several passengers are inebriated. You're in league with big alcohol. Shame on you.,negative
2015-02-22 17:07,United,@united not my luggage,negative
2015-02-22 17:11,US Airways,"@USAirways, I know you're dealing with the weather, but @PHLAirport is a hot mess. Pls send reinforcements",negative
2015-02-22 17:14,United,@united thank you,positive
2015-02-22 17:17,United,"@united once again you guys didn't let me down, a four hour delay to Honolulu from Houston, thanks for the train wreck of issues now coming",negative
2015-02-22 17:50,United,@united amazing hospitality and helpfulness from Anthony Lastella. Great staff 👏👏👏✈️ def flying #united again.,positive
2015-02-22 17:53,US Airways,@USAirways might possibly be THE WORST airline ever! I think it's time to brush up on customer service! #sorude,negative
2015-02-22 17:57,US Airways,@USAirways No thank you. @AmericanAir was responsive &amp; I found alternate travel home.,negative
2015-02-22 17:59,US Airways,@USAirways pretty upset I drove from Philly to MHtT still no info on my bags. What's the deal!,negative
2015-02-22 18:08,US Airways,@USAirways That link doesn't work on mobile.,negative
2015-02-22 18:21,US Airways,@USAirways next time you promise an ontime departure you should stick to it instead of stuffing us in this sweat box with no air,negative
2015-02-22 18:27,United,@united we rebooked and disappointed we have to wait a whole day to start our vacation. At these fares United should have top notch service,negative
2015-02-22 18:29,US Airways,@USAirways your mobile app is horrible! Needs a major overhaul,negative
2015-02-22 18:32,US Airways,@USAirways flights to Dfw Cancelled Flightled today?,neutral
2015-02-22 18:35,United,"@united @TiffanyAndCo @NTrustOpen ah, so that's where the funds to fix the broken plane upon which I sat for 4 hrs on IAH runway went.",negative
2015-02-22 18:38,Delta,@JetBlue I have a reservation for tomorrow morning but trying to get back 2 night bc other flight was going to jfk. Can I get on list at CTG,neutral
2015-02-22 18:39,Southwest,@SouthwestAir Flight 52 got Cancelled Flightled 6 hrs before takeoff. No Customer Service. Been on hold for 30 minutes.,negative
2015-02-22 18:39,US Airways,@USAirways your service in Philly is unacceptable. Look into better service✌️ a 16 yr old shouldnt have a hard time http://t.co/WDAKTmr7Mj,negative
2015-02-22 18:50,United,"@united delayed because of salt on the floor from previous passengers? The 180 of just just want to fly, don't care about our shoes. Ua649",negative
2015-02-22 18:58,Delta,@JetBlue if my flight was delayed can I show up at the airport with the appropriate amount of time for the delay or do I have to go on time?,negative
2015-02-22 19:07,Delta,@JetBlue thanks. I will use the extra time to do some more shopping! Did somebody say duty free?,positive
2015-02-22 19:14,Delta,"@JetBlue When I got your alert, I immediately started looking to rebook. But we only had 11 minutes from reFlight Booking Problems to catch a flight to SRQ.",negative
2015-02-22 19:22,United,@united Boston is all self service. Swipe yr own boarding pass at gate. Most difficult: Tag your own bag. Not easy! #ImproveTheProcess,negative
2015-02-22 19:23,US Airways,"@USAirways this has been my WORST flying experience with you guys, you need to do better",negative
2015-02-22 19:24,United,@united I'm DMing my info and no is assisting. My flight home left before m first flight had even landed,negative
2015-02-22 19:26,United,@united I am appalled at your lack of communication during our awful journey on 2/21 EWR to BOS. 4 hr delays need to be explained better.,negative
2015-02-22 19:30,Delta,@JetBlue Awesome! #bestairlineever,positive
2015-02-22 19:51,Delta,@JetBlue I waited 3 hrs for my bags and my flight was only 2 hrs,negative
2015-02-22 19:59,American,"@AmericanAir you have my money, you change my flight, and don't answer your phones! Any other suggestions so I can make my commitment??",negative
2015-02-22 20:01,American,"“@AmericanAir: @TilleyMonsta George, that doesn't look good. Please follow this link to start the refund process: http://t.co/4gr39s91Dl”😂",neutral
2015-02-22 20:14,American,@AmericanAir I love your company and your staff is amazing. They just made an uncomfortable situation comfortable,positive
2015-02-22 20:16,United,“@united:That's not something we like to hear. Hopefully our staff can resolve &amp; have you on your way ASAP. ^ML”:3:15 &amp; still not resolved,negative
2015-02-22 20:19,US Airways,@USAirways Just Cancelled Flight every flight I have why don't you.,negative
2015-02-22 20:21,American,@AmericanAir do you guys have another flight for today that you can book me on from laguardia to louisville ky?,neutral
2015-02-22 20:23,American,@AmericanAir @Stone9956 Do you dislike delays when they're caused by YOUR crew forgetting to load bags &amp; lazy pilot wanting duty day to end?,negative
2015-02-22 20:31,United,@united trying to check in for tomorrow's flight. website keeps timing out. what's up?,negative
2015-02-22 20:32,US Airways,"@USAirways got transf. to Dividend Miles...need to change flight. Grandma just passed, need to change ticket ASAP. Update on wait time?",neutral
2015-02-22 20:34,United,@united great flight into PVD. Smallest plane I have ever been on and smoothest landing ever!,positive
2015-02-22 20:34,American,"@AmericanAir 30 minutes flight from OKC and then make us wait, 30 minutes cause the gate isn't empty. #epicfail #poorplanning",negative
2015-02-22 20:36,American,@AmericanAir But Eagle is always Late Flight,negative
2015-02-22 20:42,United,@united you left my bag in Houston last night. It's freezing cold in Memphis. Any idea on when I will see it? Off again tomorrow.,negative
2015-02-22 20:44,Southwest,@SouthwestAir Wish you allowed http://t.co/0pDNtGBXC6 to access you site for awards tracking.,neutral
2015-02-22 20:49,Virgin America,Always have it together!!! You're welcome! RT @VirginAmerica: @jessicajaymes You're so welcome.,positive
2015-02-22 20:50,US Airways,@USAirways Its pretty ridiculous that at PHX sky harbor you have 4 (!) employees working check in on a SUNDAY afternoon. 30 min &amp; counting..,negative
2015-02-22 20:50,American,@AmericanAir Thank you.....you do the same!!,positive
2015-02-22 20:51,American,"@AmericanAir @marxsterbcow How is this a real life response to a customer service issue? Seriously. Keep trying to call us. Eh, might work.",negative
2015-02-22 20:54,US Airways,"@USAirways when AA gate supervisor 600117 was asked for his superiors name, response received was ""the CEO of #AmericanAirlines"" #merger",neutral
2015-02-22 20:55,American,.@AmericanAir cover a rental car or refund our ticket? - I'll gladly drive 10 hrs home than be stuck here till Tues!,negative
2015-02-22 20:56,Southwest,@SouthwestAir My Fav!!!!,positive
2015-02-22 21:00,American,"@AmericanAir @russelneiss No, American. This is simple. How about YOU call HER back with the info for her new flight. Basic customer service",negative
2015-02-22 21:05,US Airways,@USAirways more like USDELAY-ways. Another long 'paperwork' reLate Flightd delay - Friday in Charlotte. Today in Philly. #letsgoalready,negative
2015-02-22 21:05,United,"@united Your baggage tracking system is worthless! It tells me nothing about where the bag is, much less what your plans are to get it to me",negative
2015-02-22 21:09,American,"@AmericanAir bought a ticket on @SouthwestAir. After two days, your ""team"" couldn't share the data needed to get me to my next meeting.",negative
2015-02-22 21:11,American,"@AmericanAir @BDinDallas The personal touch you're known for, AA. Other cool perks: blaming understaffing on weather. And 3 hr hold times.",negative
2015-02-22 21:13,United,@united I'll try it. Mileage programs have historically been a lifeline for us world-hungry travelers of moderate means.,negative
2015-02-22 21:17,United,@united united flight UA3774 after two delays just Cancelled Flightled no explanation &amp; no more flights to Norfolk that aren't booked. Renting a car.,negative
2015-02-22 21:19,American,"@AmericanAir The point of the pic: If your reps struggle with the merger this much, imagine how it is for the public! http://t.co/hQdB5IRuVg",negative
2015-02-22 21:20,US Airways,@USAirways #695 might have been Cancelled Flighted? mechanical issue. 6 hours Late Flightr 100 people still waiting and Zero information. Please send help.,negative
2015-02-22 21:22,American,".@AmericanAir Also, not the reservations team's fault. Bad top-down decision. I feel bad for the reservations AND social media teams.",negative
2015-02-22 21:28,American,@AmericanAir an hour at baggage carousel and still no luggage?? Nail in the coffin.,negative
2015-02-22 21:37,American,@AmericanAir leave our luggage in the baggage claim without any previous information! That's not the deal!! http://t.co/oTTy5rYMzD,negative
2015-02-22 21:42,Southwest,@SouthwestAir I will be calling someone on Monday in customer relations. Very disappointed in how I was treated by customer service!,negative
2015-02-22 21:44,American,@AmericanAir Hi guys checking in US/AA 639 JFK PHX and renewed Admirals Club today.,neutral
2015-02-22 21:51,American,@AmericanAir cannot talk to any agents keep getting hung up on crazy,negative
2015-02-22 21:53,American,"@AmericanAir not only did you rebook me on the wrong day, your phone system says it can't handle the volume and hangs up on me!!!",negative
2015-02-22 21:55,US Airways,"@USAirways if my flight, 4035, is delayed, what time do I have to arrive at BHM?",neutral
2015-02-22 21:55,American,@AmericanAir 1st leg of my flight 2 nyc tomorrow has been Cancelled Flightled. if you make me hold for 2hrs i may miss my only chance back home!,negative
2015-02-22 21:55,American,@AmericanAir there was also not one single person at the counter answering questions for our plane full of confused people. No staff at all.,negative
2015-02-22 21:58,US Airways,@USAirways #usairways Raleigh NC; baggage carousel staff were aggressive towards people waiting 1 1/2 hrs for bags. Flight 699,negative
2015-02-22 22:03,Delta,@JetBlue thanks for NOT! Sending me an update that our flight was delayed 3 hours. Unbelievable!,negative
2015-02-22 22:04,American,"@AmericanAir two hours Late Flightr and still waiting for a callback. Need to reschedule flight 1027, hopefully to the Late Flightr one tomo not Cancelled Flighted",negative
2015-02-22 22:06,American,@AmericanAir called executive platinum desk and got a TWO HOUR call back time... 2.5 hrs Late Flightr still no call and still stuck in Chicago,negative
2015-02-22 22:11,American,"@AmericanAir I have an issue that requires a bit more than a tweet to explain, do y’all have an email?",neutral
2015-02-22 22:13,Delta,"@JetBlue you've let me down. 2:15 delay at JFK because of inbound flight from Syracuse, really? #ishouldhavedriven",negative
2015-02-22 22:14,United,"@united ... I want my bag off flight 1142, what do I do now?",negative
2015-02-22 22:16,American,@AmericanAir no response to DM or email yet. customer service?,negative
2015-02-22 22:22,United,"@united you could give me free flights for life, and I'd still choose to purchase my tickets from a competitor.",negative
2015-02-22 22:25,Delta,"@JetBlue if you can't guarantee parents will sit with their children, don't sell tickets with that promise! #jetblue http://t.co/HDoXiM6NZ2",negative
2015-02-22 22:28,American,@AmericanAir man we have been sitting in #UA4753 on the tarmac for 30 mins...rescue us please!,negative
2015-02-22 22:33,United,"@united the most frustrating flying experience. One continuous ""I dunno what time you will leave today. "". Dunno?! That's code for ...?",negative
2015-02-22 22:35,United,@united +the plane.,neutral
2015-02-22 22:36,American,@AmericanAir most horrendous service ever !! On off two planes. Been in Phil for 10 hrs. Now captain can't get flight info to print? #wtf,negative
2015-02-22 22:37,United,"@united your b737-800w literally the smallest seats I have ever have, my dad got stuck In the tiny bathroom ad well #disspointed #premier1k",negative
2015-02-22 22:38,American,@AmericanAir yes called your UK number on skype…well worth the $.50. i recommend others do the same.,positive
2015-02-22 22:40,United,@united went to Customer Service kiosk and they were able to help out! Still thanks for following up!,positive
2015-02-22 22:47,US Airways,@USAirways hello! I never received a confirmation code for my flights (though they are confirmed--so says the automated reply). Any ideas?,negative
2015-02-22 22:59,American,@AmericanAir five times at last count,negative
2015-02-22 22:59,United,@united We waited 40 min for our bags after a 45 min flight #nomorecheckedbags,negative
2015-02-22 22:59,American,@AmericanAir as usual my next flight shows on time but it's suppose to leave in 5 minutes and hasn't boarded,negative
2015-02-22 23:03,Delta,"@JetBlue last flight was Cancelled Flightled, then it was 2 hours to change a light bulb, now sitting here waiting for maintenance. Unreal.",negative
2015-02-22 23:03,American,"@AmericanAir complt incompetence on flt 295.Lav delay from a pln that lnded last nite, no internet and poor svc. Not what I expect from u.",negative
2015-02-22 23:08,American,"@AmericanAir Cancelled Flightled my flight, didn't notify me, and I can only rebook by phone, but can't get through to an agent. Epic. Fail.",negative
2015-02-22 23:09,United,"@united your gate attendant had some snobby remarks, your customer service is like playing poker with my sisters kids!",negative
2015-02-22 23:11,Southwest,"@SouthwestAir Traveling with a 13 year old Thursday. He does not need an ID, correct?",neutral
2015-02-22 23:23,Southwest,@SouthwestAir been sleeping on the floor like I'm homeless and now delayed flights because the equipment isn't working! I have a job to get2,negative
2015-02-22 23:24,US Airways,@USAirways what's going on in CLT?,neutral
2015-02-22 23:24,American,"@AmericanAir @NY_NJairports AA1224: 45 mins for Priority bags to arrive, now Late Flight for evening plans! Delta 20 min bag guarantee anyone? :(",negative
2015-02-22 23:27,United,@united customer service what's That???,negative
2015-02-22 23:33,United,@united EVERYTIME I fly UR airline I hate you even more ! Thanks for the terrible service on flight 1071,negative
2015-02-22 23:34,United,@united Resolved. Over hour of work on ground &amp; somehow the system reset itself during takeoff. I appreciate the quick response/service.,positive
2015-02-22 23:36,United,@united yes was trying to upgrade my seat. Now there are no available spots,negative
2015-02-22 23:37,American,@AmericanAir no one met flight 1081 to LAX to tell passengers where to go or what flights they were rebooked on #badmgmt #AmericanAirlines,negative
2015-02-22 23:38,US Airways,@USAirways printer problems causing us to sit on the runway for 45 mins. Get it together.,negative
2015-02-22 23:46,Southwest,@SouthwestAir Thanks.,positive
2015-02-22 23:47,American,@AmericanAir please pray for us that our gear is not lost or stolen due to YOUR incompetent employees. #CNN #ABCNews #MSNBC #Photography,negative
2015-02-22 23:53,US Airways,@USAirways @AmericanAir will one of you please answer the phone?,negative
2015-02-23 00:05,American,@AmericanAir many trips coming up! I will see you soon 😃,positive
2015-02-23 00:07,Southwest,@SouthwestAir I'm gonna ignore the fasten seatbelt sign and I want to see if ur man enough to do anything about it!!!,negative
2015-02-23 00:13,US Airways,@USAirways pilot says that we are going to take off in 10 minutes. So maybe the systems came back online?,neutral
2015-02-23 00:14,American,@AmericanAir not to mention its a three hour wait to get an agent on the phone.,negative
2015-02-23 00:23,American,"@AmericanAir plane breaks, unloads the passengers, told to re enter to only come back off. Flight Cancelled Flightled, missed wedding. #badbusiness",negative
2015-02-23 00:25,US Airways,"@USAirways we've been waiting at the gate for 2 hrs, why are we now waiting to stow the luggage?",negative
2015-02-23 00:26,American,@AmericanAir You can't get us to Cincy but our luggage will still go there tonight? Stranded us in Dallas for 2 days w/o clothes? #Yousuck,negative
2015-02-23 00:27,American,@AmericanAir sucks!! Teco teco #reclameaqui #TripAdvisor http://t.co/auGJsCmoLu,negative
2015-02-23 00:30,Delta,@JetBlue just please get my luggage from #2070 onto carousel 5 / Logan Airport and I'll be able to go home!,negative
2015-02-23 00:33,United,@united was so on point for 5/6 of my flights this past week . . But this last one really sucks shit,negative
2015-02-23 00:35,American,"@AmericanAir why does your customer service line say ""we are experiencing high call volume"" and then spontaneously hangup on the person?",negative
2015-02-23 00:38,American,@AmericanAir help us here !!! We are stuck here @jfk for more than 24hours! !we need to go home #flight919 #saveus,negative
2015-02-23 00:39,American,@AmericanAir are you expecting flights out of DFW to be Cancelled Flightled tomorrow AM and afternoon?,neutral
2015-02-23 00:40,US Airways,@USAirways I have received two reservation check-ins for two different flights for my one flight tomorrow morning. Need assistance ASAP,neutral
2015-02-23 00:43,American,"@AmericanAir yep, they moved me to 16A as they showed me flying ""standby""",neutral
2015-02-23 00:46,American,@AmericanAir my husband and 5 year old son stuck overnight in DC thanks to 7 crew members arguing over who was boarding the flight,negative
2015-02-23 00:48,American,"@AmericanAir I made my flight but then still had no update emails when I landed, no info ever sent on that or second flight. Losing my biz.",negative
2015-02-23 00:51,American,@AmericanAir Hi AA friends! My sis's flight AA362 DFW&gt;&gt;MKE was Cancelled Flighted due to weather. Any way you can help here? What are her options?,negative
2015-02-23 00:53,American,@AmericanAir big surprise flight 2330 is delayed. Hopefully not for 6 hours like our flight here. Thanks again for a sleepless night.,negative
2015-02-23 00:57,American,@AmericanAir I’ve been on the line waiting for 40 minutes again.,negative
2015-02-23 01:01,US Airways,@USAirways @AmericanAir. delay and mechanical issues on both my weekend flights. Ridiculous. Will tweet as long as we are delayed,negative
2015-02-23 01:05,American,@AmericanAir you wont allow calls? My husband has a ticket but it looks like all the seats are taken? I cant even call.,neutral
2015-02-23 01:13,American,@AmericanAir DONE!! thank you so much!!,positive
2015-02-23 01:15,United,@united JP - DM message who? Can't get a DM through to @united,negative
2015-02-23 01:17,Southwest,@SouthwestAir I love my Companion Pass (qualified 4th year). #HollyMais,positive
2015-02-23 01:17,Southwest,@SouthwestAir Tell me the secrets to flying high #RedCarpet,neutral
2015-02-23 01:18,Southwest,@SouthwestAir I would love a +1 #RedCarpet treatment,neutral
2015-02-23 01:19,United,@united S/O to @Delta for coming in clutch and finally taking me home 🙌🙌,neutral
2015-02-23 01:20,Southwest,@SouthwestAir I would love a great deal from bwi to las Memorial Day weekend aka my bday weekend 😬,neutral
2015-02-23 01:21,American,@AmericanAir AA919 flight attendant freaks out and leaves aircraft as passengers react to a 24h delay and cattle treatment. Surreal!,negative
2015-02-23 01:22,American,@AmericanAir Great seats on this aircraft!,positive
2015-02-23 01:22,Southwest,@SouthwestAir I (heart) my CP status. Sure would be nice to have though.,positive
2015-02-23 01:28,American,"@AmericanAir Been trying to call all day, get hung up on every time. Your guys are horrible!",negative
2015-02-23 01:32,Southwest,@SouthwestAir staff was overall awful through multiple airports would have switched airlines if another flight was available,negative
2015-02-23 01:33,US Airways,"@USAirways your service at PHL is abysmal. An hour on the runway waiting for a gate, no information anywhere, missed my connection abysmal!",negative
2015-02-23 01:35,US Airways,@USAirways @AmericanAir so does that mean @AmericanAir that you might care about my sister be assaulted on one of your flights,negative
2015-02-23 01:36,Delta,@JetBlue Thanks! I made it 😃,positive
2015-02-23 01:39,American,"@AmericanAir I need help with a reservation purchased on @AmericanAir but operated on @USAirways, can't get through on the 800#",negative
2015-02-23 01:47,Southwest,@SouthwestAir I changed my flight through St. Louis. Thanks for the reply though!,positive
2015-02-23 01:49,Delta,"@JetBlue the amount of money I spent on hotels for a WEEK bc of flight Cancelled Flightlation, another flight doesn't make up for the money lost.",negative
2015-02-23 01:54,American,@AmericanAir the worst air experience I have ever had and I am not in the first plane yet.,negative
2015-02-23 01:57,American,@AmericanAir you Cancelled Flightled my wife's flight and she has to call but your service won't even let us. Going on 7 hours now.,negative
2015-02-23 02:03,Delta,@JetBlue if only the show was on the flight. No ABC. Oh well. I'll live. #nexttime #andthewinneris...,negative
2015-02-23 02:06,United,@united Why do I have to give up my leg room so these 4 people (not in my row) can fill the bin? Pls start charging. http://t.co/2nY5TuXFqf,negative
2015-02-23 02:14,United,@united so glad I've been waiting for 1 hour and 15 minutes and Ive been transferred 3 times without resolving anything. Worst service ever.,negative
2015-02-23 02:15,United,"@united Instead of sending inaccurate emails about delay every 5 min, just say we will get you there when we get you there.",negative
2015-02-23 02:22,United,@united resolved and im sick and tired of waiting on you. I want my refund and I'd like to speak to someone about it.,negative
2015-02-23 02:23,American,"@AmericanAir my flight from VCP to JFK was delayed and now it has been Cancelled Flighted, what should i do?",negative
2015-02-23 02:28,Delta,@JetBlue thank you!,positive
2015-02-23 02:36,American,@AmericanAir yes. He's in the next flight,neutral
2015-02-23 02:40,American,@AmericanAir Dallas/Fort Worth flight number 5320,neutral
2015-02-23 02:42,American,@AmericanAir so we've now been driving across DFW for over 90mins. That's half fucking way to Texarkana! #shouldhavedriven,negative
2015-02-23 02:43,United,@united Well I can tell you that your customer service at RDU airport is horrific but is exception at O'Hare in Chicago.,negative
2015-02-23 02:44,American,@AmericanAir #americanview New paint scheme looks great! #usairways http://t.co/Gt6umHbh43,positive
2015-02-23 02:48,American,@AmericanAir no private msg me and will provide details...u really need customer svc training for your staff,negative
2015-02-23 02:50,American,@AmericanAir we tried. We are headed to a funeral in Cincinnati and your people didn't even tell us we could get on standby.,negative
2015-02-23 02:52,Southwest,@SouthwestAir A-list preferred. DEN-DAL flight Cancelled Flightled 30 min prior to boarding. Best option was Tue afternoon. Seriously?!? Epic fail.,negative
2015-02-23 02:53,US Airways,@USAirways follow/dm please,neutral
2015-02-23 02:53,American,@AmericanAir it that you say is going to help us? Give me a number to call that isn't a recording w a 2 hour wait time!,negative
2015-02-23 02:55,Southwest,@SouthwestAir it's ok I was supposed to be in California 5hrs ago,negative
2015-02-23 02:56,American,@AmericanAir You can't even get someone on the phone. Great story for the media.,negative
2015-02-23 02:57,American,@AmericanAir no gate agent after 30 minutes to let us off the plane???? WTW / grounds crew is here / hope you're ready to cover my delay,negative
2015-02-23 03:02,American,@AmericanAir Hey so I'm very disappointed with my time traveling with you! I've had the worst experience and both times the flight delayed!,negative
2015-02-23 03:05,American,@AmericanAir 4828 but I just missed it because no one is at the gate to marshall us in so now I have to rent a car &amp; drive 5 hrs. So thanks.,negative
2015-02-23 03:08,United,@united Can you tell me Jet Airways award availability?,neutral
2015-02-23 03:10,Southwest,@SouthwestAir @fly2midway 45 minute wait for my bags. Just what I needed on a Sunday night.,negative
2015-02-23 03:11,American,@AmericanAir Great - thank you.,positive
2015-02-23 03:11,American,@AmericanAir pretty bad at #DFW no updates two flights behind doors open breeze no America airlines workers http://t.co/6MBK79mdnW,negative
2015-02-23 03:14,American,"@AmericanAir Yes, thanks for checking. Very cramped, but got on &amp; made it safely. Flying back tomorrow at 1pm. http://t.co/CSddCCMvbD",positive
2015-02-23 03:18,Southwest,@SouthwestAir thank you : 8UXZJ2 Paid for early bird and sat in back,negative
2015-02-23 03:21,Southwest,@SouthwestAir may I have my Companion pass please.,neutral
2015-02-23 03:22,American,@AmericanAir why do I have to wait for 2 hours to talk to someone when you changed my flight?,negative
2015-02-23 03:25,United,@United #1758 now going in 40 min waiting for other plane to vacate gate. #findanothergate,negative
2015-02-23 03:28,American,@AmericanAir I just checked the app and it said my flight had been moved back a day? No explanations why. No answer on the 800 number.,negative
2015-02-23 03:32,American,@AmericanAir on top of that my online record was unavailable as well and then couldn't get anyone on the phone.,negative
2015-02-23 03:32,US Airways,@USAirways Instructions say to CALL. I'm just doing what it said to do.,negative
2015-02-23 03:37,United,@united i did but i got nothing from it. Just dissapointment =(,negative
2015-02-23 03:38,Delta,"@JetBlue - Fix your @#$&amp; jet bridges. 40 minute delay, 2nd gate...still waiting! #jetblues http://t.co/ncB2oNcS9i",negative
2015-02-23 03:43,American,"@AmericanAir Yes, but should be able to get a push notification via the app if I’m logged in and on a trip. Email/text is so 2010 😥.",negative
2015-02-23 03:54,American,"@AmericanAir Yes. However, the seats they assign us that day are never together. I just want to sit with my husband! Why is that impossible?",negative
2015-02-23 03:57,Delta,@JetBlue ok thanks. Safety first.,positive
2015-02-23 03:59,Southwest,@SouthwestAir what robot is running this account. The same one that doesn't remember anything they ask. Same conversation over and over.,negative
2015-02-23 04:00,American,@AmericanAir you can't change my flights and not have enough operators to handle calls.... #unacceptable #AmericanAirlines,negative
2015-02-23 04:03,US Airways,"@USAirways we flew out, through and into good weather. when we landed, another technical issue with gate. improve service or lose customers",negative
2015-02-23 04:08,American,"@AmericanAir Thanks. Two hours to go inflight, then hotel. Hang in there with all the DFW travel delays AA team.",negative
2015-02-23 04:14,Delta,@JetBlue any idea what's going on at terminal five at JFK? Seems to be zero traffic movement,negative
2015-02-23 04:20,United,"@united, we're stuck at OGG, looks like flight will be Cancelled Flightled. Can you help? =)",negative
2015-02-23 04:27,American,@AmericanAir lost @LeslieWolfson luggage on flight yesterday morning #Miami to #NewYork #LGA no response and no luggage more than 37 hrs ltr,negative
2015-02-23 04:29,US Airways,@USAirways you are absolutely terrible at managing these delays... Been delayed and undelayed and delayed 6 times now. 10 AM office hours.,negative
2015-02-23 04:35,American,@AmericanAir ok no worries. Thanks for the straight story. It's appreciated.,positive
2015-02-23 04:37,American,@AmericanAir thx for losing my bag. How hard is it to care for a bag w PRIORITY on it?why do u cont to not care for EP's?,negative
2015-02-23 04:39,Delta,@JetBlue thank you for getting me home. And despite all odds I have reunited with my delinquent Southwest luggage. Now homeward,positive
2015-02-23 04:47,American,@AmericanAir 🙏 in my hotel now. Thank you!,positive
2015-02-23 04:52,American,"@AmericanAir Need to change flight, but the CS # is telling me it can't take my call. Can't change online. Please help. Flight is this week.",negative
2015-02-23 04:54,United,"@united yes I have and I was calling in regards to speaking to someone about it even further, but unfortunately i was just bounced around.",negative
2015-02-23 05:14,US Airways,@USAirways your customer service is horrendous. Between the way employees speak customers and their lack of care for problems with flights.,negative
2015-02-23 05:25,US Airways,@USAirways Thank you. I'll do that next time!,positive
2015-02-23 05:29,United,@united you're my early frontrunner for best airline! #oscars2016,positive
2015-02-23 05:35,American,@AmericanAir when will tomorrow's flight Cancelled Flightlations at Dfw for AA flights be posted? We are on 2424 at 7am from LAX!,negative
2015-02-23 05:40,American,@AmericanAir Understood. Thanks anyway,positive
2015-02-23 05:53,American,@AmericanAir you have now lost my luggage for40 hours holding for4 hrs on phone #wtf is this how you treat your loyal passengers?#stranded,negative
2015-02-23 06:35,American,@AmericanAir you Cancelled Flightled my flight tomorrow (without telling me) and I want to rebook-please help me book a new flight! What # can I call?,negative
2015-02-23 06:36,United,@united I wanna be ride United airline! I love airplane,positive
2015-02-23 06:36,US Airways,@USAirways is the worst airline to ever travel with.,negative
2015-02-23 06:41,United,@united One of your workers refused to give me her name as a reference for my notes. Her tone &amp; language was very unprofessional.,negative
2015-02-23 06:54,US Airways,"@USAirways @landonschott he's fine, he really likes picking his own seat....",positive
2015-02-23 06:56,Southwest,@SouthwestAir show me some love and a companion flight~please and thank you!,positive
2015-02-23 07:13,United,"@united Missed UA1568 connection due 2 mechanical failure UA1543 (""uplink prob""). I will lose ~$400 in clients Mon. How can you compensate?",negative
2015-02-23 07:14,American,@AmericanAir Thanks for the champagne AA153 ORD-NRT to celebrate my #TokyoMarathon2015 finish! http://t.co/Ij4xL01tKX,positive
2015-02-23 07:19,American,"@AmericanAir I've been on hold for 4 hrs, no call bk either. Family of 4 trying to get from HDN to DFW flight 1418 direct. Need new info plz",negative
2015-02-23 07:37,American,".@AmericanAir @USAirways Add insult to injury you guys ""misplaced"" my bag. Can't believe you have to pay money to be treated this poorly.",negative
2015-02-23 07:38,US Airways,@USAirways you guys have my luggage in San Jose and were supposed to deliver it to my hotel hours ago!! Please contact me.,negative
2015-02-23 07:45,United,@united aaaand 7 hours Late Flightr won't be catching a flight til 6AM...stuck in at airport in a snowstorm with no hotel-how's that for patience?,negative
2015-02-23 08:54,American,@AmericanAir I certainly hope my LA /PBI on 25 th has a NEW plane . The seats on Feb 11 th flight ( in reverse) God awful,negative
2015-02-23 09:13,American,"@AmericanAir flight 45 JFK-LAS. First the catering was Late Flight, the. No push back crew. 2hrs delay.",negative
2015-02-23 09:17,American,"@AmericanAir How best to talk with an agent to reschedule Cancelled Flighted flight? No one answers at AA. Know it's busy, but need help.Thanks",negative
2015-02-23 09:23,American,@AmericanAir Got it worked out. Had to postpone my trip and pay extra though. :/ Not easy for a poor graduate student.,negative
2015-02-23 09:24,American,@AmericanAir @Cowboycerrone You apologise for HIS frustrations &amp; HIS disappointment but NOT your terrible service? #BlameShiftOverload,negative
2015-02-23 09:48,Southwest,"@SouthwestAir thank you for Cancelled Flighting my flight, last minute of course, to #GIS2015. I'm now missing one full day of my trip thanks to this!",negative
2015-02-23 09:54,Delta,@JetBlue is so sloooooow today,negative
2015-02-23 10:02,American,"@AmericanAir Thank you for the worst experience ever on an airline, from me to you, I hope your embarrassed as an airline. Pathetic",negative
2015-02-23 10:44,US Airways,"@USAirways. wow, awful customer service.",negative
2015-02-23 10:48,American,@AmericanAir No I do not have them yet. Called for baggage status 5 times yesterday.,negative
2015-02-23 10:48,United,@united really 1st flt frm IAD 2 IAH is - Late Flight &amp; -going via Nashville? #inconvenience. Downgraded but not on ticket,negative
2015-02-23 10:55,United,@united this is the second time my flights been Cancelled Flightled... Like really?,negative
2015-02-23 11:01,Virgin America,"@VirginAmerica is the best airline I have flown on.Easy to change your reservation,helpful representatives &amp; a comfortable flying experience",positive
2015-02-23 11:09,United,@united someone should send a note to the revenue management team and ask about all the open BF and GF seats on 919.,neutral
2015-02-23 11:38,American,@AmericanAir is flight 2413 to LA delayed?,neutral
2015-02-23 11:42,United,@united EWR agent Barbara was FABULOUS and an example of CUST. SERV. A pleasure talking to you😊 http://t.co/KMQuLY9g5E,positive
2015-02-23 11:43,United,@united Any news about the departure of the flight UA51?,neutral
2015-02-23 11:49,American,@AmericanAir Eventually the call got through. Not sure what changed. Thank you a lot though!,positive
2015-02-23 12:15,US Airways,@USAirways Is your refund system down?,neutral
2015-02-23 12:26,Delta,@JetBlue not an issue but I think training &amp; information would help. Great ppl but service needs to switch from individual to group better,negative
2015-02-23 12:34,American,@AmericanAir @emrey35 But it says your agents are too busy and to try back Late Flightr???,negative
2015-02-23 12:34,Southwest,"@SouthwestAir my bag was lost, and according to the rep they don't even know where it is, Please help.",negative
2015-02-23 12:41,United,@united and after being on hold for an hour the day before to sort it out and being told it's fine it should be fine when you arrive to fly,negative
2015-02-23 13:07,American,Hey @AmericanAir why automated call me and then hang up at 4:45 am!?! And why can't I reschedule Cancelled Flighted flights via web!?! Come on!!!,negative
2015-02-23 13:09,US Airways,"@USAirways I just reserved a flight with my companion certificate, where do I mail the certificate for verification???? THX!!!",neutral
2015-02-23 13:10,Southwest,@SouthwestAir All flights are booked . They are saying I have to wait until tomorrow.,negative
2015-02-23 13:17,US Airways,"@USAirways first, luggage got stuck in a different city, now I get them back today &amp; one of your employees stole a pair of gloves from me!",negative
2015-02-23 13:24,American,@malhoit at least you got a response from @AmericanAir via Twitter. I went 0 for 2 yesterday.,negative
2015-02-23 13:29,United,"@united I'm aware of the flight details, thanks. Three hours Late Flight a crew that could not give less of a shit",negative
2015-02-23 13:32,American,@AmericanAir 2days 2plains 2fails,negative
2015-02-23 13:32,United,@united DM sent as requested. Make sure you follow back so you can DM me back. Thanks,neutral
2015-02-23 13:45,Delta,@JetBlue 653. Just for update that gate got moved to complete opposite end of the terminal. Airline is a disaster.,negative
2015-02-23 13:46,American,@AmericanAir Will 2396 be Cancelled Flightled tonight?,neutral
2015-02-23 13:52,American,@AmericanAir no apologies required. I made it home safe thanks to you! Kudos to AA!,positive
2015-02-23 14:03,American,@AmericanAir I don't know who that may be. I was also working from home. Thanks for nothing.,negative
2015-02-23 14:04,United,@United I'd like to thank and recognize Terri P at Dulles for going out of her way to get me back on my Raleigh flight,positive
2015-02-23 14:10,US Airways,@USAirways Thanks!,positive
2015-02-23 14:12,Delta,"@JetBlue said they haven't started looking for it, gave me a $25-$100 limit. In NYC at the Waldorf Astoria and can't find $100 outfit. 😒",negative
2015-02-23 14:18,American,"@AmericanAir I hear #Delta is offering 2,500 miles to frequent flyers if their bags doesn't come out within 20 minutes of landing thoughts?",neutral
2015-02-23 14:21,United,@united I already did.,neutral
2015-02-23 14:25,Delta,@JetBlue what is the deal with flt 460 today? Departure keeps changing. When is it going why is it so Late Flight?,negative
2015-02-23 14:27,US Airways,@USAirways will all flights out of DFW be Cancelled Flightled today?,neutral
2015-02-23 14:31,American,@AmericanAir I have still not talked to anyone. You guys should be prepared for these situations. How is this good service? I am so mad!!!,negative
2015-02-23 14:48,American,@AmericanAir Deplaned for the 3rd fucking time. Fuck you AA.,negative
2015-02-23 14:52,Southwest,@SouthwestAir what to do when you show up to your destination with no clothes in your suitcase? #nakedmeetings #awkward,negative
2015-02-23 14:53,American,@AmericanAir are you anticipating weather-reLate Flightd Cancelled Flightations for afternoon departures out of AUS today?,neutral
2015-02-23 14:55,US Airways,"@USAirways First the pilot was Late Flight, now it's maintenance. This is EXACTLY what happened two weeks ago. Unacceptable.",negative
2015-02-23 15:02,American,@AmericanAir BRING MY FIANCÉ @meerikangas BACK TO ME!,negative
2015-02-23 15:05,United,@united 2nd flight in two weeks that you have lost my bag! Taking my 1K status to @AmericanAir #neveragain #WORSTCUSTOMERSERVICE,negative
2015-02-23 15:05,Southwest,@SouthwestAir may want to direct that to the people at @FurryFiesta tok,neutral
2015-02-23 15:17,US Airways,@USAirways I need to speak with a live person. I've had it with the recordings. I was told on Sat that we'd have our luggage by yest.,negative
2015-02-23 15:19,US Airways,"@USAirways @AmericanAir me after arriving at 8:41am for a flight scheduled to depart at 8:57am. doors closed, no agents",negative
2015-02-23 15:22,American,@AmericanAir @RLDelahunty record l#oaaret got email we couldn't get rescheduled on another flight but don't know if flight is Cancelled Flightled,negative
2015-02-23 15:32,US Airways,@USAirways here's to sitting on hold for 4 hrs flight Cancelled Flighted and they disconnect twice. #fend4urself #stranded #diverted,negative
2015-02-23 15:35,US Airways,@USAirways @AmericanAir 28 hours Late Flightr still no email. work supervisor needs documentation to approve last minute vacation day request,negative
2015-02-23 15:40,American,"@AmericanAir I've been in line for over half hour trying to see a representative, now I might even miss the next flight too, unacceptable",negative
2015-02-23 15:42,American,@AmericanAir yes. Just sayin' that was a particularly poorly handled situation.,negative
2015-02-23 15:53,American,@AmericanAir - answer the phones. Trying to change a reservation and haven't been able to get a human to pick up in two days.,negative
2015-02-23 15:56,US Airways,@USAirways What is going on with flight 1826 from PHL to PHX? 10 mins to estimated departure nobody has board and no update.,negative
2015-02-23 15:59,American,@AmericanAir is your website down? I haven't been able to check in to my flight all morning.,negative
2015-02-23 16:02,US Airways,@USAirways or how about power outlets at your seat if you're gonna keep us siting here forever?,negative
2015-02-23 16:02,Delta,"@JetBlue @jeff_hofmann @DeniseJTaylor @LaurieAMeacham Good one! And indeed, it's JetBlue's finest day in history!",positive
2015-02-23 16:13,Southwest,"@SouthwestAir unveils 4 new #flights, including 2 from #Ohio http://t.co/grkBj7bxlk",neutral
2015-02-23 16:17,American,"@AmericanAir its only 1500 characters, i will respond via formal letter. Trust me, I have plenty to say.",neutral
2015-02-23 16:17,American,@AmericanAir the most stressful morning and still had to pay to check a bag. LAX is a madhouse with a lot of angry customers. Yikes,negative
2015-02-23 16:20,American,@AmericanAir please improve business extra flight reservation process. can't book online? what century are we in? 25 min+ on hold,negative
2015-02-23 16:22,Southwest,"@SouthwestAir @matthewebel And this is why I love flying Southwest. Excellent service, and you don't take yourselves too seriously!",positive
2015-02-23 16:22,US Airways,@USAirways i will be Cancelled Flighting my us airways credit card and choosing other airlines after my experience this week.,negative
2015-02-23 16:22,American,@AmericanAir @cnnbrk she tried they are not doing anything said they would talk to stewardess about serving drunks drinks how does that help,negative
2015-02-23 16:24,American,"@AmericanAir @united and a complete lack of faith in your companies. It's really a shame that you think telling me ""it's been a challenging""",negative
2015-02-23 16:30,United,@united you are the worst airline in the world! From your crap website to your worthless app to your Late Flight flight. You SUCK! Just shut down.,negative
2015-02-23 16:42,Southwest,"@SouthwestAir open seating is like an open marriage, there's so much love for strangers!",positive
2015-02-23 16:45,American,@AmericanAir your staff at JFK airport are discussing the way we we're left stranded,negative
2015-02-23 17:04,American,@AmericanAir I DM'd you. Anything you can do?,negative
2015-02-23 17:05,Delta,"@JetBlue I believe it's Irina. On the flip-side, super disappointed that EatUp Cafe isn't available on this BOS --&gt; SFO flight today.",negative
2015-02-23 17:09,American,@AmericanAir I can't get through to a customer rep to help me out. This is the only option I have got.,negative
2015-02-23 17:12,United,@united arrived in YYZ to take our flight to Taiwan. Reservation missing our ticket numbers. Slow agent Sukhdeep caused us to miss our flt.,negative
2015-02-23 17:12,United,@united 3 hours to rebook but 8 hours l8r the same problem again. Arrive at gate stopped cause now infant is sitting in 4 yr old lap,negative
2015-02-23 17:14,Delta,@jetblue it's time for a direct flight from #JFK to #PITT.... @ Official JetBlue Terminal 5 - New York… http://t.co/QygXGmd3Sn,neutral
2015-02-23 17:20,American,@AmericanAir dmed the name,neutral
2015-02-23 17:25,Virgin America,"@VirginAmerica Is it me, or is your website down? BTW, your new website isn't a great user experience. Time for another redesign.",negative
2015-02-23 17:27,American,@AmericanAir that's what I am hoping for,neutral
2015-02-23 17:34,United,"@united I'd say most of the public can't extend their vacation a week, point is why advertise multiple flights you can't honor?",negative
2015-02-23 17:35,Virgin America,"@VirginAmerica hi, i did not get points on my elevate account for my most recent flight, how do i add the flight and points to my account?",neutral
2015-02-23 17:39,American,@AmericanAir Thank you.,positive
2015-02-23 17:45,United,@united been on the phone for over an hour with customer service and they can't figure it out! awesome service... NOT!,negative
2015-02-23 17:46,American,"@AmericanAir Well if you won't let me handle my reservation/change online, &amp; your Reservation call # hangs up on me wtf do I do?? Bullshit.",negative
2015-02-23 17:52,American,@AmericanAir @CNN @nbsnewsr @cnnbrk except you aren't working with her @AmericanAir youve done nothing to help,negative
2015-02-23 17:52,US Airways,@USAirways how do I get a hold of customer service? I've called multiple times &amp; have been on hold for 30+ mins only to have to hang up,negative
2015-02-23 17:55,United,"@united Either is fine. However, plundering my hard-earned dollars is not fine.",negative
2015-02-23 17:57,Virgin America,@VirginAmerica Why is the site down? When will it be back up?,negative
2015-02-23 18:11,American,"Yessir RT “@AmericanAir: @yourlocalnyer Good morning, Rob. We're showing the flight to sunny Mexico just pushed off the gate.”",neutral
2015-02-23 18:18,Southwest,"@SouthwestAir it's not disappointment, it's a blatant disregard for your business select customers, it's becoming a problem that's pushing",negative
2015-02-23 18:18,Delta,Please don't. RT “@JetBlue: Our fleet's on fleek. http://t.co/gdzadXzBYA”,neutral
2015-02-23 18:20,Delta,nope. RT @JetBlue: Our fleet's on fleek. http://t.co/9SHhTvIOTI,negative
2015-02-23 18:25,Delta,"@JetBlue lmfao, i love it",positive
2015-02-23 18:29,Delta,"@JetBlue Very excited, for the first time this Sunday, March 1 I get to fly #JetBlue flight 123 #Mint from JFK. Looking forward :-)",positive
2015-02-23 18:31,Delta,@jetblue who's running your tweeter using the word fleek?,neutral
2015-02-23 18:36,United,@united thank you for listening to my compliant and doing the right thing. I appreciate you working with me,positive
2015-02-23 18:36,United,@united what gate is ua5396 leaving from?,neutral
2015-02-23 18:39,Delta,Do less please @JetBlue,negative
2015-02-23 18:48,Delta,Why @JetBlue let someone from black Twitter in their multimedia department?,negative
2015-02-23 18:48,United,@united counter agents at RDU deserve a medal. #thankyou,positive
2015-02-23 18:51,United,@united great to hear Thankyou so much. Greatly appreciate your replies. Feel much more settled now.,positive
2015-02-23 18:56,Virgin America,@VirginAmerica I've applied more then once to be a member of the #inflight crew team...Im 100% interested. #flightattendant #dreampath -G,positive
2015-02-23 18:56,United,@united Would be helpful if you could refresh boarding time info on boarding passes for delayed flights,negative
2015-02-23 19:07,United,@united Thanks! I'll fill up the form as soon as I land. I don't like being duped so I hope you will appreciate my feedback &amp; will be better,negative
2015-02-23 19:07,United,"@united, this is the line in Denver to rebook due to weather issues. DO BETTER. http://t.co/tmccExYaaQ",negative
2015-02-23 19:11,Southwest,@SouthwestAir why so expensive to go to Vegas with stops in Late Flight June as I can get non stop for same on competition,negative
2015-02-23 19:12,Delta,“@JetBlue: Our fleet's on fleek. http://t.co/CXTTxV2lMP” 😒,neutral
2015-02-23 19:14,United,@united don't see a justifiable cost to get on an early flight with seats. No airline charges to conveniently get their passengers in early,negative
2015-02-23 19:17,American,@AmericanAir I paid seat upgrade b4 the severe weather. Got booked on another flight but did not get upgrade. Was calling to inquire. HELP!,negative
2015-02-23 19:18,Delta,@JetBlue Awww man...but I need to buy this ticket today and be home the 1st of March Where do I go for this...or can you assist me ?,neutral
2015-02-23 19:24,American,@AmericanAir due to road conditions,neutral
2015-02-23 19:27,American,@AmericanAir Thank you. It's much appreciated. We have been on the plane for 90 min now at the gate.,positive
2015-02-23 19:27,US Airways,@USAirways back in line at terminal because phone guy couldn't help. One person in front of me 20 min wait again? http://t.co/HQHdAD7fvK,negative
2015-02-23 19:28,American,@AmericanAir don't they already know ? Isn't everyone sharing how nasty the food is? It's not even close to decent.,negative
2015-02-23 19:32,Virgin America,"@VirginAmerica not worried, it's been a great ride in a new plane with great crew. All airlines should be like this.",positive
2015-02-23 19:37,Southwest,@SouthwestAir my ticket was booked 1/27 to CUN. Does the arrival time reflect that CUN is now on EST time?,neutral
2015-02-23 19:37,US Airways,"@USAirways US 728 pilot started the flight by announcing arrival into Gatwick, not Heathrow. Moments of concern for all aboard.",negative
2015-02-23 19:38,American,@AmericanAir FYI...call stilling getting dropped. After an hour of continuous dialing. Attempted to Cancelled Flight online but not able to. HELP!!!,negative
2015-02-23 19:40,Southwest,@SouthwestAir love the passbook update. Used it the day after it was released. Finally!! Thank you!,positive
2015-02-23 19:45,Southwest,@SouthwestAir could you please tell me if there is a way to add a RR# to a flight that already took place?,neutral
2015-02-23 19:48,US Airways,@USAirways @AmericanAir trying to chg ticket for staff member leaving org before she can fly.We're a nonprofit-can't you make an exception?,neutral
2015-02-23 19:54,American,@AmericanAir hour and a half after landing bags are finally trickling off. http://t.co/4KbTzVjU3b,negative
2015-02-23 19:55,American,@AmericanAir not helpful,negative
2015-02-23 19:58,United,"@united 8602947, jon at http://t.co/58tuTgli0D, thanks.",neutral
2015-02-23 20:00,Virgin America,@VirginAmerica I emailed your customer service team. Let me know if you need the tracking number.,neutral
2015-02-23 20:09,Southwest,@SouthwestAir Your Terry is our hero! Got my husband back thru security to retrieve cellphone left on plane in Austin. Terry #85832 U Rock!,positive
2015-02-23 20:15,American,@AmericanAir thank you. They are processing my refund.,positive
2015-02-23 20:19,Delta,“@JetBlue: Our fleet's on fleek. http://t.co/pa7dCjXlzL” C'mon fam😭😭 just. No. Ok?,neutral
2015-02-23 20:25,United,"@united Heads up We didn't check 8 bags, 2 we checked arrived, those aren't claim #s for our 2. Other people's bags? http://t.co/dplQ3mhQGD",negative
2015-02-23 20:28,Delta,@JetBlue loved the service from the staff at Newark today. Good service goes along way. I appreciate your preciation Nj ✈️Tampa 🔵🔵🔵,positive
2015-02-23 20:29,American,@AmericanAir to realize your customer service leaves much to be desired and the folks handling the calls could care less...and it shows.,negative
2015-02-23 20:32,American,"@AmericanAir Was put on hold for 5.5 hrs then got a call back at 11:20 pm, only to wait on hold for another hour.",negative
2015-02-23 20:37,Delta,YASSSSS. Da Fuccc- RT @JetBlue: Our fleet's on fleek. http://t.co/oAJ5mnuchA,neutral
2015-02-23 20:38,US Airways,@USAirways our flight was rebooked with you and we want to change our seats or upgrade to 1st class. Can you help? Phones are down.,negative
2015-02-23 20:39,Delta,@JetBlue Not helping since there's a bunch of us trying to get off at the same time.,negative
2015-02-23 20:40,US Airways,@USAirways I find it funny that @PHLAirport responds but you don't. Your customer service is the worst. #wedontcarebecauseyoupaidalready,negative
2015-02-23 20:41,Southwest,@SouthwestAir why do you let one person board with early bird and save seats for entire party? #notcool #flight2149,negative
2015-02-23 20:46,Southwest,@SouthwestAir Just go ahead and start the scavenger hunt after 5 pm today when work is over ;) #DestinationDragons,positive
2015-02-23 20:47,Delta,"Lol, k. “@JetBlue: Our fleet's on fleek. http://t.co/IUX94Rgc83”",neutral
2015-02-23 20:49,United,@united Big thanks to Ms. Winston for assisting me over the phone with a baggage claim issue today. She really went the extra mile!,positive
2015-02-23 20:52,American,@AmericanAir we did check before going to de airport and everything was fine. #fail,negative
2015-02-23 20:57,US Airways,@USAirways please fix your reservations phone system. The weather/backup could not possibly be bad for 10 days! #goodgriefpeople,negative
2015-02-23 21:11,Delta,@JetBlue three hours on s delayed flight staring a blank screen. At least a heads up so you could download a movie,negative
2015-02-23 21:11,United,@united i think he actually did not like your screen @campilley 😃😃😃,negative
2015-02-23 21:11,Delta,@JetBlue Thanks so much for talking to me! The article about #Twitter chats came out great! http://t.co/rKorHvR9z1 #contentmarketing,positive
2015-02-23 21:11,United,@united It's a shame choosing #United may be the difference between reuniting with aging friends and never seeing them again #PoorService,negative
2015-02-23 21:12,US Airways,"@USAirways hi guys, do you have a general enquires email address please? Thanks David.",neutral
2015-02-23 21:15,American,"@AmericanAir she was rude, unprofessional, not helpful in helping me try and get home. As a #aaadvantage #loyal aa customer dissatisfied!",negative
2015-02-23 21:18,American,@AmericanAir will not let me reuse my ticket. Thus I have booked my vacation with Delta! Never flying on American again......,negative
2015-02-23 21:21,American,@AmericanAir your seat assignment process when Flight Booking Problems is misleading. I'm not paying extra to select a seat.,negative
2015-02-23 21:22,US Airways,@USAirways look out for flying rocks this time! It's a bird it's a plane! Nah never mind it's just a rock...,positive
2015-02-23 21:25,US Airways,@USAirways power trip. I felt completely threatened and unsafe and I am so angry. Derrick Bussey. DCA. Would like to reiterate that I was,negative
2015-02-23 21:26,US Airways,@USAirways the exhaustion of traveling n runnin thru the airport and tryin 2rent a car n not killin myself my family or anybody on the road,negative
2015-02-23 21:27,Southwest,"@SouthwestAir is it possible to add travel arranged by my employer to my upcoming travel? I can retrieve a reservation, but that's it.",neutral
2015-02-23 21:30,American,"@AmericanAir hah, best flight attendant response, if you not happy getting screwed over, you have other carriers. hahahah pathetic",negative
2015-02-23 21:32,American,"@americanair the best is your 800 message saying to use website and your website is saying you need to call. If you don't answer, #hardtodo",negative
2015-02-23 21:40,American,@AmericanAir Hi. Get error msg when trying to check in on line. States: wrong pass#. Tickets rcvd from AA due to training in DFW. U know Y?,negative
2015-02-23 21:40,Southwest,@SouthwestAir Your crew on 3138 is doing a great job of keeping everyone informed during the delays #givethemraises,positive
2015-02-23 22:00,United,@united the least you could do is offer me a ticket in coach instead of just Cancelled Flighting my reservation because of your glitch!!! #notfair,negative
2015-02-23 22:07,American,"@AmericanAir so, what should he do next exactly?!",neutral
2015-02-23 22:09,United,@united I will but right now I'm to angry,negative
2015-02-23 22:12,United,@united Premier Gold desk changes flight. Waives fees. Gives me wrong flight. Now Jana Acosta in Salt Lake refuses the same service. Angry.,negative
2015-02-23 22:14,Delta,"@JetBlue my mom always said to never settle. If your chips ain't blue, you just won't do.",neutral
2015-02-23 22:18,Delta,“@JetBlue: Our fleet's on fleek. http://t.co/mpi4yuo9jR” Oh word!!!!??????,neutral
2015-02-23 22:18,Delta,@JetBlue everyone is overreacting. Keep up your swag!,neutral
2015-02-23 22:23,US Airways,"@USAirways do you operate ANY flights without maintenance issues? Flights in/out of DCA Cancelled Flighted, this is getting old. Update fleet pls!",negative
2015-02-23 22:27,American,@AmericanAir Bad weather happens. But not being able to get through to a reservations rep for over 6 hours is just crazy. #frustrated,negative
2015-02-23 22:32,United,@United will not have to honor absurdly low mistake fares. http://t.co/2Z3Jv73IlW vía @usatoday,neutral
2015-02-23 22:36,Southwest,@SouthwestAir u were bae until u lost both of my bags and had no clue where they were or what happened to them for 36 hours :/,negative
2015-02-23 22:48,American,@AmericanAir probs the worst customer service ever. Replied to complaint I submitted 6 weeks ago bout damaged bag... Not even replacing it!,negative
2015-02-23 22:50,American,"@AmericanAir My chariot tonight. From this angle it looks like a 787, no? http://t.co/3ZZKQWWbJz",neutral
2015-02-23 22:50,Delta,@jetblue any idea what caused the delay on flight 1316 FLL &gt; Jax ?,negative
2015-02-23 23:07,Delta,“@JetBlue: Our fleet's on fleek. http://t.co/TnKIXXrxHB” 😂😂,neutral
2015-02-23 23:11,American,@AmericanAir Thanks to AA for the upgrade today and getting me on a new flight after my first one was Cancelled Flightled!,positive
2015-02-23 23:17,United,@united that's exactly the point. It fits. I'm premier access. Boarding group 2. This was a return ticket. I've been doing this for 15 yrs,positive
2015-02-23 23:19,US Airways,"@USAirways while I’m asking… 2 of my 11 non upgraded flights, Attendants came &amp; greeted me &amp; thanked me for my business b/c I was Exec Plat.",neutral
2015-02-23 23:21,Southwest,@SouthwestAir eyes next steps for improving #inflight #Wifi - Runway Girl http://t.co/h46HT1Oz40,positive
2015-02-23 23:29,United,@united that is not in line with your responses here. And now I'm waiting until tomorrow morning because all the flights are overbooked.,negative
2015-02-23 23:38,American,@AmericanAir overbooked business class from Mia to uvf - after being in the correct seat we were moved back to economy on our special day,negative
2015-02-23 23:41,Southwest,@SouthwestAir Thank you Thank you Thank you!!! My last attempt to win #DestinationDragons tickets was a success! I could not be happier!! :),positive
2015-02-23 23:48,American,@AmericanAir Is there a way I can get a record of all the flights I've taken with you?,neutral
2015-02-23 23:55,United,@united thank you. We are signed up for notifications. We shall watch and wait! ❄️❄️,neutral
2015-02-23 23:55,Virgin America,"@VirginAmerica Is flight 769 on it's way? Was supposed to take off 30 minutes ago. Website still shows ""On Time"" not ""In Flight"". Thanks.",neutral
2015-02-24 00:00,American,@AmericanAir I'll try to have a great week once I receive it 😩😭💔,negative
2015-02-24 00:07,Delta,@JetBlue flight for tomorrow morning Cancelled Flighted &amp; can't seem to rebook me. They can't even get me a seat. No clear answer on why Cancelled Flighted.,negative
2015-02-24 00:16,United,@united empathizes w/ my disappointment that 1stClass flight w/nonworking entertainmnt is worth $50. #UnFriendlySkies http://t.co/lOecO4gmvd,negative
2015-02-24 00:17,American,@AmericanAir Was not on board you today just watched report unfold on Twitter but still am very proud!,positive
2015-02-24 00:20,Virgin America,@VirginAmerica I have an unused ticket but moved to a new city where you don't fly. How can I fly with you before it expires? #travelhelp,neutral
2015-02-24 00:20,US Airways,@USAirways 1500 characters are not enough to convey the issue. Was directed to emailmailto:customer.relations@usairways.com unmonitored. BAD,negative
2015-02-24 00:24,Delta,“@JetBlue: Our fleet's on fleek. http://t.co/M2wSg2olgo” -_-,neutral
2015-02-24 00:34,US Airways,@USAirways what's up with flight 5545 no gate agent or plane at PHX B18? Nice customer service.,negative
2015-02-24 00:57,United,@united Male agnt in LAS threatens Canadian cust when cust takes pic of him at gate after agents announce can't help rebook. #friendlyskies?,negative
2015-02-24 01:07,Delta,@JetBlue ok is I hope thy the Bahamas next,neutral
2015-02-24 01:09,Southwest,@SouthwestAir Should be a way to give voice to customers who pay for services that are not satisfactorily delivered. #justsayin,negative
2015-02-24 01:28,American,@AmericanAir have such a bad rep for loosing costumers luggage. I stopped flying them a while back.,negative
2015-02-24 01:30,American,"@AmericanAir @maryella_green just received it, actually. Thank you!!!!!!!!!",positive
2015-02-24 01:33,American,"@AmericanAir @maryella_green despite the inconvenience, the situation was handled quickly and we appreciate it very much!",positive
2015-02-24 01:39,American,"@AmericanAir I didn't want to Cancelled Flight, I wanted to take someone off and keep my price. Held at 402, at 10am today 440, now 530",negative
2015-02-24 01:56,Delta,@JetBlue well our plane just landed at the international terminal... so they announced the 10 pm new time.,negative
2015-02-24 02:00,United,@united Thanks to Karen Salisbury at IAH for amazing customer service! Found my daughter's bag lost on UA1516. Made her day!,positive
2015-02-24 02:12,United,“@united: @mllovelace The baggage fee is waived for Premier members. Please see http://t.co/u6Duw27mDE. ^JP” what's the point of membership?,negative
2015-02-24 02:15,American,"Still thinking, those PJs may have me sold @AmericanAir @momsgoodeats We'd #love to have you on board with us! @MandarinJourney here I come",positive
2015-02-24 02:23,American,@AmericanAir my 2498 to CLT left the gate. What is next for CLT. Need help,neutral
2015-02-24 02:37,United,@united comically on the return flight from ASE there were two United flights boarding at adjacent gates and not clear which plane to board,negative
2015-02-24 02:39,Southwest,"@SouthwestAir very disappointed in your customer service right now. definitely not feeling the luv. what's worse, 2nd time this winter.",negative
2015-02-24 02:40,American,@AmericanAir Did the policy change? I've seen people with hamsters and rabbits before.,neutral
2015-02-24 02:46,Virgin America,Nice RT @VirginAmerica: Vibe with the moodlight from takeoff to touchdown. #MoodlitMonday #ScienceBehindTheExperience http://t.co/Y7O0uNxTQP,neutral
2015-02-24 03:09,American,@AmericanAir thanks for making this the worst flying experience ever. 4 different planes of mechanical issues and 12 hours and counting,negative
2015-02-24 03:10,United,"@united not just refunded, but for those of us who are on vacation to get a free room night to make up for making us sleep in DIA",positive
2015-02-24 03:16,United,@united @AmericanAir spent hundreds to rectify the situation and you guys go quiet,negative
2015-02-24 03:21,US Airways,@USAirways you say to call travel agency and they say we cant refund because usairways didnt accept this.,negative
2015-02-24 03:23,Delta,@JetBlue - I did that as soon as I realized. Will they try to figure out who is stealing from people's bags? Security cameras? Anything?,negative
2015-02-24 03:31,United,@united UA938 ORD-LHR. bags are being loaded 30min Late Flight. Frigid air into cabin! Plane feels like falling apart! Upgrade long haul fleet!,negative
2015-02-24 03:44,United,@United an idea: monitor mileage members travel patterns enough to know when they change jobs/lose status...and make the transition easier.,neutral
2015-02-24 03:51,American,@AmericanAir I loved todays fight. But there was a bad draft on the airplane please add more air to air thanksm,negative
2015-02-24 03:54,American,@AmericanAir unable to access the website. Will try again.,negative
2015-02-24 03:57,American,"@AmericanAir doesn't care about customers, break your gear and tell u they can't do anything. @WSJ @latimes @chicagotribune #media #filmcrew",negative
2015-02-24 04:07,American,@AmericanAir the Late Flightst usair4603. Earlier 4591,neutral
2015-02-24 04:10,Southwest,@SouthwestAir had a great flight to and from Cabo last week with my family #smoothflight #frequentflyer,positive
2015-02-24 04:17,American,@AmericanAir absolutely disappointed in your lack of service. Lost my bag and can't even deliver it after I was told it would happen.,negative
2015-02-24 04:24,United,@united flt 1249 Cancelled Flightled and I get email @3:30 AM? What happened to courtesy phn call? Had to book diff airline &amp; city,negative
2015-02-24 04:25,American,@AmericanAir no space in my seat but thanks to your pilots I'm back 25mn early to Ohare!! Didn't think that was possible!! #sna2ord #1644,positive
2015-02-24 04:26,Delta,@JetBlue we have. Twice. They said they can't dim those lights. But they did on our first flight.,negative
2015-02-24 04:40,United,@united why would they make me share a room?,negative
2015-02-24 04:43,American,@AmericanAir Joanne from your San Diego staff was phenomenal! Give that girl a raise. She handled our #flightnightmare better than anyone.,positive
2015-02-24 04:43,United,@united we needed them here asap. Will they make it on today's flight?,negative
2015-02-24 04:46,United,@united @luke_mcintosh68 nah you wouldn't,neutral
2015-02-24 04:54,US Airways,@USAirways No I was there 12 hrs early! Send me an email to share my experience You don't want this blasting here.,negative
2015-02-24 04:56,Delta,@JetBlue Hey guys do you have a tail number assigned yet to flight 1373 for tomorrow?,neutral
2015-02-24 05:00,US Airways,"@USAirways Instead of fair treatment, I got a nasty letter from a lady in senior management that illness forfeits miles like death.",negative
2015-02-24 05:25,American,"@AmericanAir your online site doesn't have flights listed in chronological order, resulting in a mis-purchase. Anything that can be done?",negative
2015-02-24 05:27,United,"@united at its worse. Can't figure how to pack plane, screws up connectns then claims no hotl rooms in San Fran for stranded pax. Way to go!",negative
2015-02-24 05:31,American,@AmericanAir no not yet. Waiting now to be connected to an agent,negative
2015-02-24 05:35,Virgin America,@VirginAmerica Are the hours of operation for the Club at SFO that are posted online current?,neutral
2015-02-24 05:46,American,"@djevolutionhd As an EP who travels 125K+ miles a yr with @AmericanAir , I would expect more from them than this horrible travel experience",negative
2015-02-24 05:50,Southwest,@SouthwestAir I love this airline so much! Thanks so much! The service is great! The snacks are amazing! Everything is outstanding thanks!!,positive
2015-02-24 05:54,American,"@AmericanAir couldn't get anyone on the phone all day, the flight you rebooked had me missing a conference.We won't be on flt 1568 tomorrow.",negative
2015-02-24 06:03,American,@AmericanAir appreciate it!!,positive
2015-02-24 06:03,US Airways,@USAirways my bag landed 1 day Late Flight at sfo at 11:40am. How can it be 10:01pm and I still don't have it? Flight 719 2/22/14,negative
2015-02-24 06:32,US Airways,@USAirways I don't like being lied to. No bad weather in dc md va. I've been stuck in CA all day and should've been home by now. You owe me.,negative
2015-02-24 06:33,US Airways,@USAirways yes but again valuable time has been lost,negative
2015-02-24 06:54,American,"@AmericanAir nothing to do with Mother Nature, more like poor commutation.",negative
2015-02-24 06:57,American,"@AmericanAir yeah, buy me a @Delta plane ticket from San Diego to Detroit so I can fly one of their planes home tomorrow",negative
2015-02-24 07:01,United,"@united frankly worse customer service ever. Problems will happen, how you deal defines a company. Never again United.",negative
2015-02-24 07:14,American,"@AmericanAir checked in at Des Moines, lay over in ORD, final destination Austin, Texas. Baggage was only checked to ORD.",negative
2015-02-24 08:25,American,"@AmericanAir yes but you are still human I hope, dealing with all the horror stories people share... I complained to DOT. Everyone should",negative
2015-02-24 08:28,American,"@AmericanAir I tried, EXTREMELY RUDE. Even the supervisor. And when I asked to speak to HIS supervisor I was told no",negative
2015-02-24 09:39,American,@AmericanAir Plane Veers Off Runway at Icy Dallas Airport http://t.co/DW6VDvqXBB,neutral
2015-02-24 09:43,US Airways,@usairways Thank you for allowing me to spend more money on vacation by buying things I already bought.,negative
2015-02-24 10:25,American,"@AmericanAir Thanks, both airlines said that it is located at AA Detroit. Also was informed that it flew with AA, which shouldn't matter.",positive
2015-02-24 10:27,Delta,"@JetBlue here we go again, 2nd round trip to CA in a week #TrueBlue",neutral
2015-02-24 10:34,American,@AmericanAir I'm trying to choose my seats but every time I go to the next flight I get system error,negative
2015-02-24 10:53,Delta,"@JetBlue Flight 1447 (N351JB) ""JBLU"" arrives at @FlyTPA following flight from Westchester County Airport http://t.co/xX2M2jxQep",neutral
2015-02-24 10:55,American,@AmericanAir the pilot her and another flight attendant left walking away laughing. Just wow,negative
2015-02-24 10:58,American,"@AmericanAir You don't have those abilities anywhere! Not at the ticket counter, at cust service, or online. That's why we're done here.",neutral
2015-02-24 11:05,US Airways,@USAirways nope not yet...,negative
2015-02-24 11:21,American,@AmericanAir just wow Regina just told me I can't file or request a lost bag statement until I finish my travel. So until I get to DC argg,negative
2015-02-24 11:37,United,"@united ok. To top things off, you've lost my luggage. Could you get ANY worse??? #UnitedAirlines",negative
2015-02-24 11:42,United,@united Why do I have to pay $ 17 for wifi with an international business ticket? #pennypincher,negative
2015-02-24 11:49,United,@united Booked a flight home over 7 months ago and requested seats together for my fiancée and I. We got 2 middle seats. UNACCEPTABLE. The,negative
2015-02-24 12:25,American,"@AmericanAir. Had my flight changed from US Airways to you, now I can't get two seats together. Can you help?",neutral
2015-02-24 12:26,Southwest,"@SouthwestAir After multiple attempts, I was finally able to submit them Late Flight last night.",negative
2015-02-24 12:29,Southwest,"@SouthwestAir customer service at FLL, BWI,and PIT have been terrible.no one knows where his bags are.his is on a job with no clothes &amp; gear",negative
2015-02-24 12:36,Delta,@JetBlue why was Flight 1856 delayed to Buffalo ? It’s a direct flight and the plane is at the gate.,negative
2015-02-24 12:39,United,@united So what does someone with severe anxiety do when the one person who can help him isn't next to him?,negative
2015-02-24 12:45,American,@americanair One question.. my wife didn't get the bonus. Should I call about it today?,neutral
2015-02-24 12:46,United,@united how does it get Cancelled Flightled 10 hours before take off?,negative
2015-02-24 13:04,Southwest,@SouthwestAir I luv y'all but please stop overheating your planes. Second flight in a row that feels like a sauna.,negative
2015-02-24 13:43,US Airways,@USAirways. R U aware your wait time to talk to a sales agent is always 30-60 minutes? Unacceptable. At least employ a call back feature!,negative
2015-02-24 13:46,American,@AmericanAir please can you tell me why DFW has a weather advisory and RDU does not? the entire state of NC has shut down from ice &amp; snow!,neutral
2015-02-24 13:53,United,@united can someone please explain the process of of what happens to property found on a plane after passengers leave at Heathrow ?,neutral
2015-02-24 14:05,American,@AmericanAir your staff at rsw working the sliver airlines desk is not helpful. We can not get any information about our flight.,negative
2015-02-24 14:11,Southwest,@SouthwestAir 25 year customer but I am 6 3 and those lost 2 or 3 inches really hurt every time the person in front shifts he raps my knees,negative
2015-02-24 14:11,American,"@AmericanAir how do I talk to an actual person that will help me, and do what you guys should do?",negative
2015-02-24 14:13,American,@AmericanAir I wish I could remember all of their names!,positive
2015-02-24 14:19,American,"@AmericanAir depends on the terminal, what' the best option? Arrive C, depart A. Breakfast burrito is what I'm craving.. Any update on 1119?",neutral
2015-02-24 14:31,Southwest,@SouthwestAir Thank you for taking good care of people with ALS! http://t.co/m1yyWAFkFI @KevinSwan_ @ALSTDI @A_Life_Story_,positive
2015-02-24 14:33,United,@united yall should probably work on that.,neutral
2015-02-24 14:40,US Airways,@USAirways Thanks again for ruiningmy vacation. You all are the best for this. Could not have done it without you.,negative
2015-02-24 14:51,United,".@united it will be because I'm moving to @AmericanAir because of @united talk, no service",negative
2015-02-24 14:53,American,@AmericanAir drop me a follow I need help,neutral
2015-02-24 14:55,United,@united This isn't a one time thing either! It's a shocking pattern of repeated neglect and disrespect.,negative
2015-02-24 14:57,Southwest,@SouthwestAir @PHLAirport Will Flight 2155 that arrives at E11 be a penguin plane?,neutral
2015-02-24 14:58,US Airways,@USAirways i understand that but i should still be able to view my reservation online....,negative
2015-02-24 15:07,Southwest,"@SouthwestAir is the best airline hands down. Amazing customer service, bags free and affordable flights. #happycamper",positive
2015-02-24 15:08,Delta,"@JetBlue Annnndddd, I just booked my flight. That was easy.",positive
2015-02-24 15:10,American,@AmericanAir Thanks guys got some sleep. Hang in there DFW with bad weather.,positive
2015-02-24 15:17,American,"@AmericanAir sitting on plane in Columbus, supposed to leave an hour ago. Now the mechanic can't find a tool to service the shock absorber.",negative
2015-02-24 15:21,US Airways,@USAirways You should be prepared for Weather. All I want to do is find out if I can take train to PHL to catch my connection.,negative
2015-02-24 15:29,American,@AmericanAir Hi guys.I have 2/25 RNO-DFW tomorrow.Plane coming from DFW with bad weather in AM.should I consider Fê-route as I have connect?,neutral
2015-02-24 15:31,United,@united how do I get my account number if your website says email is unavailable?,negative
2015-02-24 15:32,Delta,"@JetBlue you don't need to cut services, charge more and give a better flying experience. That's why I use jet blue in the first place",positive
2015-02-24 15:34,American,@AmericanAir guess that's what I get for bragging on you. I fly you by choice unlike others who fly because they don't have other options JS,negative
2015-02-24 15:35,United,@united What's going on with your website? I'm Flight Booking Problems three tickets today and I've been booted off the system umpteen times.,negative
2015-02-24 15:44,United,@united is there an email address I can reach? Too long for a DM.,neutral
2015-02-24 15:48,American,@AmericanAir Airline trouble this winter &amp; not getting good customer service? contact http://t.co/aQjn4HwNaC we negotiate w/companies forU!,negative
2015-02-24 15:52,United,@united Airline trouble this winter &amp; not getting good customer service? contact http://t.co/aQjn4HwNaC we negotiate resolutions for You!,neutral
2015-02-24 15:55,American,@AmericanAir and it's not a inconvenience it is a disaster. It's A $500 phone bill from you that you refuse to pay,negative
2015-02-24 15:59,American,"@AmericanAir really needs to get a a clue and start treating people like humans, not animals. #americandairlinesSUCKS",negative
2015-02-24 16:04,United,@united #worst2unitedflightsever UA 236 LAS to IAD 2/24 mechanical problems again - took off - had to land for fix - delayed again #wtfodds!,negative
2015-02-24 16:17,US Airways,@USAirways still on hold...1 hr 27 mins....thank god for chairman status. status match @Delta?,negative
2015-02-24 16:18,Virgin America,@VirginAmerica you guys messed up my seating.. I reserved seating with my friends and you guys gave my seat away ... 😡 I want free internet,negative
2015-02-24 16:23,American,@AmericanAir Any reason why my 1463 flight to Chicago is boarding and I still don't have a seat assignment? Seriously?,negative
2015-02-24 16:27,American,@AmericanAir second pic from CDG?,neutral
2015-02-24 16:30,Southwest,@SouthwestAir hey I'm flying from Tampa to Denver today and I want to know if there will be tv's in the seats like @JetBlue,neutral
2015-02-24 16:37,Southwest,@SouthwestAir and thx for not responding,negative
2015-02-24 16:47,American,"@AmericanAir @dfwairport That's DFW!? OMG! Yeah cold, everywhere!",neutral
2015-02-24 16:48,Delta,@JetBlue yer deals never seem to include NYC--&gt;PDX or NYC--&gt;PGH...wish they did!,neutral
2015-02-24 16:51,Southwest,"@SouthwestAir if you're going to charge for wifi, do us all a solid and make sure it doesn't take the length of the flight to open a page",negative
2015-02-24 16:52,Southwest,@SouthwestAir u have a lot of pissed off hungry tired people stuck at midway 4 over 2 hours after scheduled departure. This is inexcusable,negative
2015-02-24 17:00,American,@AmericanAir Fuck you.,negative
2015-02-24 17:09,United,@united wont transfer flight ticket to accompany an 11 yr old who's active military mom had to have emergency brain surgery? WOW!!,negative
2015-02-24 17:22,United,@united you guys need some serious training in customer service. Too many better options to put up with the way you guys handle ur mistakes,negative
2015-02-24 17:22,US Airways,@USAirways sadly that didn't help me at my meeting at work today seeing as my presentation was in there! Major strike against me!!!,negative
2015-02-24 17:34,American,@AmericanAir my key point of confusion is whether I can make this change even though the initial Flight Booking Problems was on US Airways metal?,neutral
2015-02-24 17:34,United,@united. ..I received on other flights. #united truly breaks guitars. #unitedbreaksguitars #wantmymoneyback,negative
2015-02-24 17:37,American,"@AmericanAir but, what I can always rely on when I fly USAir or American is that employees will be rude and unhappy.",negative
2015-02-24 17:46,Delta,@JetBlue Thanks for the quick reply! Just wanted to make sure it wasn't just my account :),positive
2015-02-24 17:46,American,"@AmericanAir flight 65 delayed over 4 hours on 2/22, had no GF meals despite my early request, attendant seat fell on my leg #badservice",negative
2015-02-24 17:54,US Airways,@USAirways You have no idea how upset and frustrated I am right now. I'll be sure to follow through with never flying with you again.,negative
2015-02-24 18:21,US Airways,@USAirways any travel advisory coming for the Carolinas? Bad weather!,neutral
2015-02-24 18:21,Virgin America,@VirginAmerica @virginmedia I'm flying your #fabulous #Seductive skies again! U take all the #stress away from travel http://t.co/ahlXHhKiyn,positive
2015-02-24 18:22,American,"@AmericanAir That's ok...You may keep my $25 and lose my bag with no info, but you no longer have my trust. Bad way to handle this.",negative
2015-02-24 18:24,American,@AmericanAir Your response could have made all the difference. It could have made the situation better. NO TRUST...GET LOST like my bag.,negative
2015-02-24 18:24,American,"@AmericanAir delayed on the way to Puerto Rico and delayed on the way back to New York, this is disgraceful",negative
2015-02-24 18:31,American,@AmericanAir OK I will call them likely tmrw UK time to question the process getting the change charge reversed due to a bereavement,neutral
2015-02-24 18:33,American,"@AmericanAir @RobertDwyer AA doesnt charge any fees to change award tickets as long as the origin, destination &amp; award type remains the same",neutral
2015-02-24 18:33,American,@AmericanAir thank you for the confirmation.,positive
2015-02-24 18:41,American,@AmericanAir @pbpinftworth iPhone 6 64GB (not 6 plus),neutral
2015-02-24 18:44,Southwest,@SouthwestAir I managed to get sorted out over the phone. Good luck dealing with the snow in Texas!,positive
2015-02-24 18:46,Delta,@JetBlue Ok and in Dominican Republic what numbers?,neutral
2015-02-24 18:58,Southwest,@SouthwestAir Logically you would think you check all that before you have people board. I could've drove home in the time I've been waiting,negative
2015-02-24 19:04,Southwest,@SouthwestAir can y'all develop Ding for a chrome/Firefox browser extension? That would be swell,neutral
2015-02-24 19:05,Southwest,@SouthwestAir I have been on hold for over 28 minutes please help http://t.co/Fx9BIJlxAt,neutral
2015-02-24 19:06,American,"@AmericanAir submitted a case to AA customer relations two weeks ago, no word ever since! whats the point of even having CR?",negative
2015-02-24 19:17,American,@AmericanAir r u serious?? 304min #delay with #AmericanAirlines #AA2444 #ohio - #dallas missed my connecting flight http://t.co/DNMsblzumr,negative
2015-02-24 19:17,American,@AmericanAir r u serious?? 304min #delay with #AmericanAirlines #AA2444 #ohio - #dallas missed my connecting flight http://t.co/DNMsblzumr,negative
2015-02-24 19:19,Southwest,@SouthwestAir once again on Glassdoor's Best Places To Work snagging # 15 overall #notsurprising #LUVthem,neutral
2015-02-24 19:24,American,.@AmericanAir just disappointed with the Flight Booking Problems process and add’l fees to sit together on a more crowded flight. Not impressed so far :-/.,neutral
2015-02-24 19:29,American,@AmericanAir your planes made me miss 2 connections in 2 days. Thanks for nothing,negative
2015-02-24 19:29,Southwest,@SouthwestAir your agents were the ones who were rude and unhelpful and prompted my initial tweet. This is so easy to fix.,negative
2015-02-24 19:31,American,@americanair thanks for no fresh food on my cross country flight and for making my connection so close No time to eat. TPA-DFW-LAX,negative
2015-02-24 19:33,Southwest,@SouthwestAir Very frustrated for the loooooong wait time to speak to a live person!!! Cannot get boarding pass for flight tomorrow!!,negative
2015-02-24 19:35,Southwest,"@SouthwestAir I'm teaching new #travelers how to research, #budget &amp; #save for a trip today! http://t.co/Qll48r57ep",neutral
2015-02-24 19:37,American,"@AmericanAir is the new 9:45 time confirmed or it may get Cancelled Flightled? Traveling with kids, need to be certain. Thx",neutral
2015-02-24 19:40,American,"@AmericanAir no thanks. As I said, being denied miles that expired one week ago was the last drop for me; plan to avoid AA as possible.",negative
2015-02-24 19:40,American,"@AmericanAir no thanks. As I said, being denied miles that expired one week ago was the last drop for me; plan to avoid AA as possible.",negative
2015-02-24 19:43,American,@AmericanAir thanks for getting back to me. But I will find other airlines in the future.,negative
2015-02-24 19:43,American,@AmericanAir why would I pay $200 to reactivate my points that are only useful for certain flights that aren't even worth $200?,negative
2015-02-24 19:46,US Airways,@USAirways just hung up on me again. Another waste of an hour of my time. How am I supposed to book a one way award flight? #badwebsite,negative
2015-02-24 19:48,Delta,@JetBlue Yesterday on my way from EWR to FLL just after take-off. :) #wheelsup #JetBlueSoFly http://t.co/9xkiy0Kq2j,positive
